Joueur,BG,BU,BD,AG,AVG,AT,AVD,AD,MOL,MOC,MOD,MG,MCG,MC,MCD,MD,MDG,MDC,MDD,DG,CB,RB,G
mohamed-salah,89,89,89,75,89,89,89,75,91,91,91,91,61,86,61,91,71,71,71,70,61,70,25
kevin-de-bruyne,86,86,86,82,87,87,87,82,91,91,91,91,72,91,72,91,82,82,82,78,72,78,24
c-ronaldo-dos-santos-aveiro,91,91,91,66,88,88,88,66,89,89,89,88,56,81,56,88,62,62,62,62,56,62,23
ngolo-kante,75,75,75,88,77,77,77,88,81,81,81,82,87,85,87,82,90,90,90,88,87,88,23
virgil-van-dijk,74,74,74,83,70,70,70,83,73,73,73,73,90,79,90,73,88,88,88,85,90,85,23
sadio-mane,89,89,89,71,87,87,87,71,89,89,89,89,62,82,62,89,68,68,68,68,62,68,22
alisson-ramses-becker,41,41,41,36,40,40,40,36,47,47,47,44,35,48,35,44,41,41,41,35,35,35,90
ederson-santana-de-moraes,43,43,43,40,43,43,43,40,50,50,50,47,38,52,38,47,47,47,47,39,38,39,90
heung-min-son,88,88,88,71,87,87,87,71,89,89,89,89,57,83,57,89,67,67,67,67,57,67,22
harry-kane,89,89,89,69,86,86,86,69,88,88,88,87,64,85,64,87,71,71,71,66,64,66,23
joao-pedro-cavaco-cancelo,81,81,81,88,82,82,82,88,86,86,86,88,82,87,82,88,86,86,86,87,82,87,22
ruben-santos-gato-alves-dias,64,64,64,81,60,60,60,81,65,65,65,68,90,73,90,68,86,86,86,83,90,83,20
fabio-henrique-tavares,77,77,77,85,75,75,75,85,79,79,79,80,87,84,87,80,88,88,88,85,87,85,21
andrew-robertson,75,75,75,87,77,77,77,87,82,82,82,84,82,84,82,84,85,85,85,87,82,87,21
trent-alexander-arnold,78,78,78,87,80,80,80,87,85,85,85,86,81,88,81,86,87,87,87,86,81,86,22
raheem-sterling,83,83,83,72,85,85,85,72,87,87,87,87,58,81,58,87,67,67,67,68,58,68,24
bernardo-mota-carvalho-e-silva,80,80,80,79,84,84,84,79,88,88,88,88,66,85,66,88,77,77,77,75,66,75,20
rodrigo-hernandez-cascante,79,79,79,82,77,77,77,82,81,81,81,79,85,86,85,79,87,87,87,82,85,82,21
david-de-gea-quintana,38,38,38,39,38,38,38,39,43,43,43,41,37,45,37,41,43,43,43,39,37,39,87
bruno-miguel-borges-fernandes,85,85,85,81,84,84,84,81,88,88,88,88,74,88,74,88,82,82,82,79,74,79,24
hugo-lloris,33,33,33,36,33,33,33,36,39,39,39,38,32,40,32,38,38,38,38,36,32,36,87
thiago-emiliano-da-silva,69,69,69,79,67,67,67,79,73,73,73,71,86,79,86,71,85,85,85,80,86,80,21
romelu-lukaku,86,86,86,63,82,82,82,63,82,82,82,82,59,76,59,82,62,62,62,60,59,60,22
antonio-rudiger,68,68,68,81,66,66,66,81,69,69,69,71,87,74,87,71,84,84,84,83,87,83,22
edouard-mendy,31,31,31,29,31,31,31,29,36,36,36,33,28,38,28,33,35,35,35,28,28,28,87
thiago-alcantara,77,77,77,82,80,80,80,82,86,86,86,85,76,86,76,85,84,84,84,79,76,79,21
riyad-mahrez,83,83,83,67,85,85,85,67,86,86,86,86,52,81,52,86,64,64,64,62,52,62,21
aymeric-laporte,69,69,69,80,66,66,66,80,71,71,71,71,88,77,88,71,86,86,86,82,88,82,21
paul-pogba,84,84,84,75,83,83,83,75,86,86,86,84,74,86,74,84,79,79,79,73,74,73,16
jamie-vardy,86,86,86,71,83,83,83,71,82,82,82,82,66,77,66,82,68,68,68,70,66,70,25
luiz-frello-filho-jorge,72,72,72,80,76,76,76,80,82,82,82,80,75,85,75,80,84,84,84,78,75,78,21
roberto-firmino-barbosa-de-oliveira,84,84,84,74,83,83,83,74,85,85,85,85,70,84,70,85,75,75,75,72,70,72,20
diogo-jose-teixeira-da-silva,86,86,86,72,84,84,84,72,84,84,84,84,68,80,68,84,71,71,71,70,68,70,21
ilkay-gundogan,81,81,81,81,82,82,82,81,85,85,85,85,76,85,76,85,83,83,83,78,76,78,22
kyle-walker,77,77,77,85,76,76,76,85,79,79,79,81,84,81,84,81,84,84,84,85,84,85,22
raphael-varane,69,69,69,79,66,66,66,79,70,70,70,69,86,74,86,69,83,83,83,82,86,82,21
jadon-sancho,79,79,79,67,82,82,82,67,87,87,87,86,51,80,51,86,64,64,64,62,51,62,21
thomas-partey,77,77,77,82,78,78,78,82,82,82,82,81,83,84,83,81,84,84,84,81,83,81,20
emiliano-martinez,39,39,39,36,37,37,37,36,43,43,43,41,35,45,35,41,40,40,40,36,35,36,84
mateo-kovacic,75,75,75,81,79,79,79,81,84,84,84,84,75,84,75,84,83,83,83,78,75,78,18
kai-havertz,84,84,84,68,82,82,82,68,86,86,86,85,59,81,59,85,66,66,66,65,59,65,20
joel-matip,65,65,65,78,66,66,66,78,70,70,70,69,84,75,84,69,83,83,83,80,84,80,21
luis-diaz,83,83,83,65,83,83,83,65,84,84,84,85,52,77,52,85,61,61,61,61,52,61,22
jack-grealish,78,78,78,71,81,81,81,71,85,85,85,85,57,83,57,85,70,70,70,66,57,66,21
phil-foden,80,80,80,75,83,83,83,75,87,87,87,86,62,84,62,86,74,74,74,72,62,72,22
kieran-trippier,74,74,74,83,75,75,75,83,78,78,78,80,80,81,80,80,82,82,82,83,80,83,21
youri-tielemans,80,80,80,79,80,80,80,79,84,84,84,83,74,86,74,83,81,81,81,77,74,77,20
wilfred-ndidi,71,71,71,81,70,70,70,81,73,73,73,72,85,78,85,72,84,84,84,81,85,81,22
martin-odegaard,78,78,78,75,80,80,80,75,85,85,85,85,63,83,63,85,73,73,73,71,63,71,22
lucas-digne,77,77,77,83,77,77,77,83,79,79,79,81,80,81,80,81,81,81,81,83,80,83,19
cesar-azpilicueta-tanco,69,69,69,82,69,69,69,82,74,74,74,75,83,79,83,75,83,83,83,83,83,83,20
hakim-ziyech,79,79,79,73,81,81,81,73,83,83,83,83,60,83,60,83,72,72,72,69,60,69,21
timo-werner,85,85,85,64,83,83,83,64,83,83,83,83,53,75,53,83,59,59,59,60,53,60,22
ben-chilwell,74,74,74,83,75,75,75,83,77,77,77,80,79,79,79,80,81,81,81,82,79,82,19
mason-mount,81,81,81,74,82,82,82,74,86,86,86,85,64,84,64,85,74,74,74,71,64,71,22
reece-james,78,78,78,83,78,78,78,83,80,80,80,82,80,81,80,82,81,81,81,82,80,82,20
raphael-dias-belloli,79,79,79,72,81,81,81,72,83,83,83,84,60,79,60,84,69,69,69,68,60,68,20
jordan-henderson,79,79,79,83,78,78,78,83,82,82,82,83,81,83,81,83,83,83,83,82,81,82,22
john-stones,69,69,69,80,69,69,69,80,73,73,73,74,85,77,85,74,83,83,83,81,85,81,20
gabriel-fernando-de-jesus,84,84,84,65,83,83,83,65,84,84,84,83,56,76,56,83,62,62,62,61,56,61,20
pierre-emile-hojbjerg,75,75,75,79,74,74,74,79,78,78,78,76,81,82,81,76,84,84,84,78,81,78,20
declan-rice,72,72,72,80,73,73,73,80,77,77,77,76,83,81,83,76,84,84,84,81,83,81,18
kasper-schmeichel,35,35,35,32,35,35,35,32,40,40,40,37,31,41,31,37,37,37,37,32,31,32,83
ricardo-barbosa-pereira,78,78,78,83,78,78,78,83,82,82,82,83,81,82,81,83,83,83,83,83,81,83,23
ruben-diogo-da-silva-neves,73,73,73,80,75,75,75,80,80,80,80,78,77,84,77,78,84,84,84,78,77,78,21
alexandre-lacazette,82,82,82,65,81,81,81,65,82,82,82,81,60,78,60,81,66,66,66,62,60,62,18
bukayo-saka,76,76,76,78,80,80,80,78,82,82,82,83,68,79,68,83,74,74,74,76,68,76,19
philippe-coutinho-correia,78,78,78,71,81,81,81,71,82,82,82,82,60,82,60,82,70,70,70,67,60,67,20
andreas-christensen,59,59,59,77,60,60,60,77,65,65,65,67,84,71,84,67,81,81,81,79,84,79,19
christian-pulisic,78,78,78,67,80,80,80,67,82,82,82,83,52,75,52,83,60,60,60,63,52,63,23
edinson-cavani,82,82,82,65,78,78,78,65,78,78,78,76,65,74,65,76,66,66,66,64,65,64,21
luke-shaw,72,72,72,81,73,73,73,81,77,77,77,78,82,78,82,78,80,80,80,81,82,81,19
marcus-rashford,83,83,83,67,81,81,81,67,82,82,82,83,57,77,57,83,64,64,64,64,57,64,21
cristian-romero,64,64,64,76,59,59,59,76,62,62,62,63,85,66,85,63,79,79,79,79,85,79,20
lukasz-fabianski,31,31,31,27,30,30,30,27,32,32,32,31,29,31,29,31,29,29,29,27,29,27,82
tomas-soucek,77,77,77,80,74,74,74,80,76,76,76,76,83,80,83,76,83,83,83,80,83,80,19
james-maddison,76,76,76,70,80,80,80,70,84,84,84,83,59,81,59,83,71,71,71,66,59,66,22
raul-jimenez,82,82,82,67,80,80,80,67,82,82,82,82,63,79,63,82,69,69,69,64,63,64,21
wilfried-zaha,79,79,79,64,80,80,80,64,82,82,82,82,51,74,51,82,60,60,60,59,51,59,21
christian-eriksen,77,77,77,69,79,79,79,69,82,82,82,82,59,82,59,82,71,71,71,65,59,65,20
bernd-leno,35,35,35,37,34,34,34,37,41,41,41,39,36,43,36,39,41,41,41,36,36,36,81
kieran-tierney,72,72,72,82,74,74,74,82,77,77,77,79,78,77,78,79,79,79,79,81,78,81,22
gabriel-dos-s-magalhaes,59,59,59,72,57,57,57,72,61,61,61,61,83,68,83,61,79,79,79,75,83,75,19
aaron-ramsdale,37,37,37,35,38,38,38,35,43,43,43,40,33,45,33,40,41,41,41,34,33,34,82
leon-bailey,81,81,81,61,81,81,81,61,83,83,83,83,49,73,49,83,56,56,56,57,49,57,23
allan-marques-loureiro,75,75,75,81,76,76,76,81,79,79,79,79,79,80,79,79,81,81,81,80,79,80,19
jordan-pickford,39,39,39,36,38,38,38,36,45,45,45,42,36,47,36,42,44,44,44,35,36,35,83
dominic-calvert-lewin,83,83,83,61,78,78,78,61,76,76,76,77,57,69,57,77,58,58,58,59,57,59,20
richarlison-de-andrade,84,84,84,71,81,81,81,71,82,82,82,83,67,77,67,83,69,69,69,69,67,69,21
kalvin-phillips,72,72,72,79,72,72,72,79,76,76,76,76,80,80,80,76,82,82,82,79,80,79,20
joe-gomez,60,60,60,79,61,61,61,79,66,66,66,69,82,70,82,69,79,79,79,80,82,80,19
fernando-luiz-rosa,76,76,76,78,73,73,73,78,77,77,77,75,81,79,81,75,81,81,81,78,81,78,21
harry-maguire,70,70,70,75,67,67,67,75,71,71,71,69,82,77,82,69,82,82,82,76,82,76,23
scott-mctominay,78,78,78,79,75,75,75,79,77,77,77,77,82,80,82,77,82,82,82,79,82,79,19
allan-saint-maximin,78,78,78,60,80,80,80,60,82,82,82,82,45,73,45,82,55,55,55,55,45,55,18
james-ward-prowse,73,73,73,77,75,75,75,77,79,79,79,80,70,82,70,80,78,78,78,75,70,75,22
lucas-rodrigues-m-silva,81,81,81,69,79,79,79,69,81,81,81,81,61,76,61,81,65,65,65,66,61,66,21
alphonse-areola,36,36,36,33,34,34,34,33,38,38,38,37,33,38,33,37,36,36,36,32,33,32,82
kurt-zouma,64,64,64,72,60,60,60,72,62,62,62,62,83,68,83,62,77,77,77,75,83,75,22
joao-filipe-moutinho,73,73,73,77,74,74,74,77,80,80,80,78,74,81,74,78,80,80,80,75,74,75,23
jose-pedro-malheiro-de-sa,34,34,34,30,31,31,31,30,34,34,34,33,32,32,32,33,31,31,31,30,32,30,82
nelson-cabral-semedo,71,71,71,81,73,73,73,81,75,75,75,78,77,75,77,78,78,78,78,80,77,80,23
nick-pope,33,33,33,30,31,31,31,30,33,33,33,32,31,34,31,32,33,33,33,29,31,29,81
yves-bissouma,74,74,74,80,75,75,75,80,78,78,78,77,81,81,81,77,82,82,82,80,81,80,19
nicolas-pepe,78,78,78,63,79,79,79,63,80,80,80,81,50,73,50,81,58,58,58,59,50,59,19
emile-smith-rowe,74,74,74,62,78,78,78,62,81,81,81,81,46,75,46,81,59,59,59,57,46,57,19
danny-ings,80,80,80,64,79,79,79,64,79,79,79,78,59,74,59,78,63,63,63,62,59,62,21
marcos-alonso-mendoza,78,78,78,80,76,76,76,80,78,78,78,79,79,80,79,79,80,80,80,79,79,79,19
kepa-arrizabalaga,33,33,33,33,32,32,32,33,38,38,38,35,30,42,30,35,38,38,38,32,30,32,80
saul-niguez-esclapez,80,80,80,80,78,78,78,80,81,81,81,80,81,81,81,80,81,81,81,80,81,80,20
naby-keita,75,75,75,75,78,78,78,75,81,81,81,80,70,81,70,80,78,78,78,73,70,73,21
ibrahima-konate,59,59,59,73,58,58,58,73,62,62,62,63,82,67,82,63,77,77,77,76,82,76,19
frederico-de-paula-santos,74,74,74,80,76,76,76,80,80,80,80,80,77,80,77,80,80,80,80,80,77,80,24
alex-nicolao-telles,77,77,77,80,77,77,77,80,80,80,80,80,78,80,78,80,80,80,80,80,78,80,22
victor-lindelof,66,66,66,78,66,66,66,78,71,71,71,71,82,76,82,71,82,82,82,78,82,78,21
aaron-wan-bissaka,66,66,66,80,68,68,68,80,71,71,71,73,78,71,78,73,77,77,77,80,78,80,18
dean-henderson,32,32,32,31,32,32,32,31,37,37,37,35,28,38,28,35,34,34,34,30,28,30,81
bruno-guimaraes-moura,73,73,73,79,75,75,75,79,80,80,80,79,77,82,77,79,82,82,82,78,77,78,20
eric-dier,69,69,69,75,66,66,66,75,68,68,68,67,81,73,81,67,79,79,79,76,81,76,21
steven-bergwijn,80,80,80,65,80,80,80,65,82,82,82,81,55,75,55,81,62,62,62,62,55,62,22
sergio-reguilon-rodriguez,73,73,73,80,74,74,74,80,77,77,77,79,77,77,77,79,78,78,78,80,77,80,20
dejan-kulusevski,78,78,78,74,79,79,79,74,82,82,82,82,66,79,66,82,72,72,72,71,66,71,18
angelo-ogbonna,58,58,58,72,56,56,56,72,60,60,60,60,80,66,80,60,76,76,76,74,80,74,14
michail-antonio,80,80,80,69,78,78,78,69,79,79,79,80,68,75,68,80,68,68,68,68,68,68,22
vladimir-coufal,70,70,70,80,70,70,70,80,73,73,73,76,80,76,80,76,79,79,79,80,80,80,20
harvey-barnes,78,78,78,68,80,80,80,68,81,81,81,81,56,76,56,81,64,64,64,65,56,65,18
jonathan-castro-otto,69,69,69,80,70,70,70,80,73,73,73,75,78,74,78,75,78,78,78,80,78,80,18
james-tarkowski,61,61,61,74,59,59,59,74,63,63,63,64,80,69,80,64,78,78,78,76,80,76,19
wout-weghorst,80,80,80,61,75,75,75,61,74,74,74,71,66,72,66,71,65,65,65,60,66,60,22
marc-cucurella-saseta,75,75,75,81,77,77,77,81,80,80,80,81,76,81,76,81,80,80,80,80,76,80,20
granit-xhaka,70,70,70,74,69,69,69,74,74,74,74,73,74,79,74,73,79,79,79,73,74,73,19
benjamin-white,58,58,58,77,61,61,61,77,67,67,67,68,81,73,81,68,81,81,81,78,81,78,18
john-mcginn,76,76,76,77,75,75,75,77,79,79,79,78,76,80,76,78,80,80,80,76,76,76,20
emiliano-buendia,78,78,78,75,78,78,78,75,82,82,82,81,72,81,72,81,76,76,76,73,72,73,20
matty-cash,69,69,69,80,71,71,71,80,74,74,74,76,74,74,74,76,77,77,77,79,74,79,22
ezri-konsa,63,63,63,76,63,63,63,76,66,66,66,68,81,70,81,68,78,78,78,78,81,78,21
gylfi-sigurdhsson,77,77,77,72,76,76,76,72,79,79,79,79,65,79,65,79,73,73,73,69,65,69,22
michael-keane,60,60,60,72,57,57,57,72,61,61,61,62,80,67,80,62,76,76,76,73,80,73,21
abdoulaye-doucoure,79,79,79,79,78,78,78,79,79,79,79,79,79,79,79,79,79,79,79,79,79,79,23
donny-van-de-beek,79,79,79,77,77,77,77,77,81,81,81,79,76,81,76,79,79,79,79,76,76,76,21
oleksandr-zinchenko,74,74,74,80,76,76,76,80,79,79,79,79,77,80,77,79,80,80,80,79,77,79,21
nemanja-matic,71,71,71,73,69,69,69,73,73,73,73,71,79,78,79,71,79,79,79,73,79,73,22
callum-wilson,79,79,79,61,78,78,78,61,78,78,78,77,58,72,58,77,61,61,61,59,58,59,20
martin-dubravka,33,33,33,33,34,34,34,33,39,39,39,37,32,41,32,37,38,38,38,32,32,32,79
davinson-sanchez,63,63,63,73,60,60,60,73,62,62,62,63,80,67,80,63,77,77,77,76,80,76,19
rodrigo-bentancur,71,71,71,81,73,73,73,81,78,78,78,79,79,81,79,79,82,82,82,80,79,80,20
aaron-cresswell,69,69,69,79,70,70,70,79,73,73,73,75,77,75,77,75,77,77,77,79,77,79,20
jarrod-bowen,78,78,78,65,78,78,78,65,79,79,79,80,55,74,55,80,62,62,62,62,55,62,19
pablo-fornals-malla,75,75,75,77,77,77,77,77,80,80,80,80,71,81,71,80,78,78,78,75,71,75,20
nikola-vlasic,78,78,78,65,78,78,78,65,80,80,80,80,58,76,58,80,64,64,64,62,58,62,20
jonny-evans,54,54,54,72,52,52,52,72,57,57,57,59,79,65,79,59,77,77,77,74,79,74,22
timothy-castagne,72,72,72,79,73,73,73,79,75,75,75,78,76,76,76,78,77,77,77,79,76,79,21
caglar-soyuncu,63,63,63,73,61,61,61,73,64,64,64,64,81,68,81,64,77,77,77,75,81,75,16
conor-coady,66,66,66,76,65,65,65,76,70,70,70,69,79,77,79,69,80,80,80,76,79,76,20
vicente-guaita-panadero,33,33,33,36,32,32,32,36,36,36,36,36,33,37,33,36,35,35,35,35,33,35,79
lewis-dunk,62,62,62,70,60,60,60,70,64,64,64,61,79,71,79,61,79,79,79,72,79,72,22
leandro-trossard,78,78,78,58,78,78,78,58,79,79,79,79,46,73,46,79,55,55,55,54,46,54,18
takehiro-tomiyasu,60,60,60,78,62,62,62,78,67,67,67,70,80,71,80,70,79,79,79,78,80,78,19
gabriel-teodoro-martinelli-silva,77,77,77,66,77,77,77,66,78,78,78,79,57,71,57,79,60,60,60,63,57,63,17
tyrone-mings,63,63,63,76,62,62,62,76,65,65,65,68,78,70,78,68,77,77,77,77,78,77,20
ollie-watkins,80,80,80,65,77,77,77,65,77,77,77,77,59,72,59,77,62,62,62,64,59,64,20
callum-hudson-odoi,73,73,73,67,76,76,76,67,79,79,79,79,56,74,56,79,63,63,63,64,56,64,20
seamus-coleman,71,71,71,78,71,71,71,78,74,74,74,74,78,75,78,74,78,78,78,78,78,78,19
dele-alli,81,81,81,74,78,78,78,74,81,81,81,80,72,80,72,80,75,75,75,73,72,73,19
yerry-mina,63,63,63,68,59,59,59,68,62,62,62,60,80,67,80,60,75,75,75,70,80,70,19
rodrigo-moreno-machado,78,78,78,67,78,78,78,67,78,78,78,78,59,76,59,78,64,64,64,64,59,64,20
patrick-bamford,78,78,78,62,77,77,77,62,77,77,77,77,56,73,56,77,62,62,62,59,56,59,19
james-milner,73,73,73,78,73,73,73,78,77,77,77,76,78,78,78,76,78,78,78,78,78,78,19
alex-oxlade-chamberlain,76,76,76,78,78,78,78,78,78,78,78,78,71,78,71,78,77,77,77,76,71,76,20
nathan-ake,68,68,68,78,66,66,66,78,71,71,71,72,81,74,81,72,79,79,79,79,81,79,21
zack-steffen,33,33,33,32,34,34,34,32,40,40,40,37,31,41,31,37,37,37,37,31,31,31,79
jesse-lingard,78,78,78,70,78,78,78,70,78,78,78,78,64,76,64,78,69,69,69,68,64,68,21
jose-diogo-dalot-teixeira,73,73,73,78,73,73,73,78,76,76,76,77,77,76,77,77,76,76,76,78,77,78,17
miguel-almiron,74,74,74,70,76,76,76,70,78,78,78,78,59,75,59,78,67,67,67,68,59,68,20
oriol-romeu-vidal,59,59,59,71,58,58,58,71,62,62,62,60,78,70,78,60,78,78,78,72,78,72,22
pierluigi-gollini,33,33,33,31,30,30,30,31,31,31,31,31,30,31,30,31,30,30,30,31,30,31,79
emerson-leite-de-souza,73,73,73,78,72,72,72,78,74,74,74,76,77,74,77,76,76,76,76,78,77,78,20
manuel-lanzini,73,73,73,64,76,76,76,64,78,78,78,78,52,76,52,78,62,62,62,61,52,61,20
craig-dawson,61,61,61,72,56,56,56,72,58,58,58,61,78,64,78,61,74,74,74,74,78,74,16
said-benrahma,74,74,74,64,77,77,77,64,79,79,79,79,50,74,50,79,61,61,61,60,50,60,20
kelechi-iheanacho,80,80,80,60,78,78,78,60,79,79,79,77,54,73,54,77,60,60,60,57,54,57,19
wesley-fofana,58,58,58,72,57,57,57,72,60,60,60,61,80,65,80,61,76,76,76,75,80,75,20
willy-boly,58,58,58,71,57,57,57,71,62,62,62,63,78,68,78,63,76,76,76,72,78,72,18
romain-saiss,66,66,66,74,65,65,65,74,69,69,69,68,78,74,78,68,78,78,78,75,78,75,20
daniel-castelo-podence,71,71,71,61,77,77,77,61,79,79,79,79,45,73,45,79,57,57,57,56,45,56,21
pedro-lomba-neto,76,76,76,60,78,78,78,60,79,79,79,79,46,71,46,79,56,56,56,56,46,56,18
ben-mee,59,59,59,72,56,56,56,72,59,59,59,61,78,64,78,61,74,74,74,74,78,74,21
edouard-mendy,31,31,31,29,31,31,31,29,36,36,36,33,28,38,28,33,35,35,35,28,28,28,87
thiago-alcantara,77,77,77,82,80,80,80,82,86,86,86,85,76,86,76,85,84,84,84,79,76,79,21
riyad-mahrez,83,83,83,67,85,85,85,67,86,86,86,86,52,81,52,86,64,64,64,62,52,62,21
aymeric-laporte,69,69,69,80,66,66,66,80,71,71,71,71,88,77,88,71,86,86,86,82,88,82,21
paul-pogba,84,84,84,75,83,83,83,75,86,86,86,84,74,86,74,84,79,79,79,73,74,73,16
jamie-vardy,86,86,86,71,83,83,83,71,82,82,82,82,66,77,66,82,68,68,68,70,66,70,25
luiz-frello-filho-jorge,72,72,72,80,76,76,76,80,82,82,82,80,75,85,75,80,84,84,84,78,75,78,21
roberto-firmino-barbosa-de-oliveira,84,84,84,74,83,83,83,74,85,85,85,85,70,84,70,85,75,75,75,72,70,72,20
diogo-jose-teixeira-da-silva,86,86,86,72,84,84,84,72,84,84,84,84,68,80,68,84,71,71,71,70,68,70,21
ilkay-gundogan,81,81,81,81,82,82,82,81,85,85,85,85,76,85,76,85,83,83,83,78,76,78,22
kyle-walker,77,77,77,85,76,76,76,85,79,79,79,81,84,81,84,81,84,84,84,85,84,85,22
raphael-varane,69,69,69,79,66,66,66,79,70,70,70,69,86,74,86,69,83,83,83,82,86,82,21
jadon-sancho,79,79,79,67,82,82,82,67,87,87,87,86,51,80,51,86,64,64,64,62,51,62,21
thomas-partey,77,77,77,82,78,78,78,82,82,82,82,81,83,84,83,81,84,84,84,81,83,81,20
emiliano-martinez,39,39,39,36,37,37,37,36,43,43,43,41,35,45,35,41,40,40,40,36,35,36,84
mateo-kovacic,75,75,75,81,79,79,79,81,84,84,84,84,75,84,75,84,83,83,83,78,75,78,18
kai-havertz,84,84,84,68,82,82,82,68,86,86,86,85,59,81,59,85,66,66,66,65,59,65,20
joel-matip,65,65,65,78,66,66,66,78,70,70,70,69,84,75,84,69,83,83,83,80,84,80,21
luis-diaz,83,83,83,65,83,83,83,65,84,84,84,85,52,77,52,85,61,61,61,61,52,61,22
jack-grealish,78,78,78,71,81,81,81,71,85,85,85,85,57,83,57,85,70,70,70,66,57,66,21
phil-foden,80,80,80,75,83,83,83,75,87,87,87,86,62,84,62,86,74,74,74,72,62,72,22
kieran-trippier,74,74,74,83,75,75,75,83,78,78,78,80,80,81,80,80,82,82,82,83,80,83,21
youri-tielemans,80,80,80,79,80,80,80,79,84,84,84,83,74,86,74,83,81,81,81,77,74,77,20
wilfred-ndidi,71,71,71,81,70,70,70,81,73,73,73,72,85,78,85,72,84,84,84,81,85,81,22
martin-odegaard,78,78,78,75,80,80,80,75,85,85,85,85,63,83,63,85,73,73,73,71,63,71,22
lucas-digne,77,77,77,83,77,77,77,83,79,79,79,81,80,81,80,81,81,81,81,83,80,83,19
cesar-azpilicueta-tanco,69,69,69,82,69,69,69,82,74,74,74,75,83,79,83,75,83,83,83,83,83,83,20
hakim-ziyech,79,79,79,73,81,81,81,73,83,83,83,83,60,83,60,83,72,72,72,69,60,69,21
timo-werner,85,85,85,64,83,83,83,64,83,83,83,83,53,75,53,83,59,59,59,60,53,60,22
ben-chilwell,74,74,74,83,75,75,75,83,77,77,77,80,79,79,79,80,81,81,81,82,79,82,19
mason-mount,81,81,81,74,82,82,82,74,86,86,86,85,64,84,64,85,74,74,74,71,64,71,22
reece-james,78,78,78,83,78,78,78,83,80,80,80,82,80,81,80,82,81,81,81,82,80,82,20
raphael-dias-belloli,79,79,79,72,81,81,81,72,83,83,83,84,60,79,60,84,69,69,69,68,60,68,20
jordan-henderson,79,79,79,83,78,78,78,83,82,82,82,83,81,83,81,83,83,83,83,82,81,82,22
john-stones,69,69,69,80,69,69,69,80,73,73,73,74,85,77,85,74,83,83,83,81,85,81,20
gabriel-fernando-de-jesus,84,84,84,65,83,83,83,65,84,84,84,83,56,76,56,83,62,62,62,61,56,61,20
pierre-emile-hojbjerg,75,75,75,79,74,74,74,79,78,78,78,76,81,82,81,76,84,84,84,78,81,78,20
declan-rice,72,72,72,80,73,73,73,80,77,77,77,76,83,81,83,76,84,84,84,81,83,81,18
kasper-schmeichel,35,35,35,32,35,35,35,32,40,40,40,37,31,41,31,37,37,37,37,32,31,32,83
ricardo-barbosa-pereira,78,78,78,83,78,78,78,83,82,82,82,83,81,82,81,83,83,83,83,83,81,83,23
ruben-diogo-da-silva-neves,73,73,73,80,75,75,75,80,80,80,80,78,77,84,77,78,84,84,84,78,77,78,21
alexandre-lacazette,82,82,82,65,81,81,81,65,82,82,82,81,60,78,60,81,66,66,66,62,60,62,18
bukayo-saka,76,76,76,78,80,80,80,78,82,82,82,83,68,79,68,83,74,74,74,76,68,76,19
philippe-coutinho-correia,78,78,78,71,81,81,81,71,82,82,82,82,60,82,60,82,70,70,70,67,60,67,20
andreas-christensen,59,59,59,77,60,60,60,77,65,65,65,67,84,71,84,67,81,81,81,79,84,79,19
christian-pulisic,78,78,78,67,80,80,80,67,82,82,82,83,52,75,52,83,60,60,60,63,52,63,23
edinson-cavani,82,82,82,65,78,78,78,65,78,78,78,76,65,74,65,76,66,66,66,64,65,64,21
luke-shaw,72,72,72,81,73,73,73,81,77,77,77,78,82,78,82,78,80,80,80,81,82,81,19
marcus-rashford,83,83,83,67,81,81,81,67,82,82,82,83,57,77,57,83,64,64,64,64,57,64,21
cristian-romero,64,64,64,76,59,59,59,76,62,62,62,63,85,66,85,63,79,79,79,79,85,79,20
lukasz-fabianski,31,31,31,27,30,30,30,27,32,32,32,31,29,31,29,31,29,29,29,27,29,27,82
tomas-soucek,77,77,77,80,74,74,74,80,76,76,76,76,83,80,83,76,83,83,83,80,83,80,19
james-maddison,76,76,76,70,80,80,80,70,84,84,84,83,59,81,59,83,71,71,71,66,59,66,22
raul-jimenez,82,82,82,67,80,80,80,67,82,82,82,82,63,79,63,82,69,69,69,64,63,64,21
wilfried-zaha,79,79,79,64,80,80,80,64,82,82,82,82,51,74,51,82,60,60,60,59,51,59,21
christian-eriksen,77,77,77,69,79,79,79,69,82,82,82,82,59,82,59,82,71,71,71,65,59,65,20
bernd-leno,35,35,35,37,34,34,34,37,41,41,41,39,36,43,36,39,41,41,41,36,36,36,81
kieran-tierney,72,72,72,82,74,74,74,82,77,77,77,79,78,77,78,79,79,79,79,81,78,81,22
gabriel-dos-s-magalhaes,59,59,59,72,57,57,57,72,61,61,61,61,83,68,83,61,79,79,79,75,83,75,19
aaron-ramsdale,37,37,37,35,38,38,38,35,43,43,43,40,33,45,33,40,41,41,41,34,33,34,82
leon-bailey,81,81,81,61,81,81,81,61,83,83,83,83,49,73,49,83,56,56,56,57,49,57,23
allan-marques-loureiro,75,75,75,81,76,76,76,81,79,79,79,79,79,80,79,79,81,81,81,80,79,80,19
jordan-pickford,39,39,39,36,38,38,38,36,45,45,45,42,36,47,36,42,44,44,44,35,36,35,83
dominic-calvert-lewin,83,83,83,61,78,78,78,61,76,76,76,77,57,69,57,77,58,58,58,59,57,59,20
richarlison-de-andrade,84,84,84,71,81,81,81,71,82,82,82,83,67,77,67,83,69,69,69,69,67,69,21
kalvin-phillips,72,72,72,79,72,72,72,79,76,76,76,76,80,80,80,76,82,82,82,79,80,79,20
joe-gomez,60,60,60,79,61,61,61,79,66,66,66,69,82,70,82,69,79,79,79,80,82,80,19
fernando-luiz-rosa,76,76,76,78,73,73,73,78,77,77,77,75,81,79,81,75,81,81,81,78,81,78,21
harry-maguire,70,70,70,75,67,67,67,75,71,71,71,69,82,77,82,69,82,82,82,76,82,76,23
scott-mctominay,78,78,78,79,75,75,75,79,77,77,77,77,82,80,82,77,82,82,82,79,82,79,19
allan-saint-maximin,78,78,78,60,80,80,80,60,82,82,82,82,45,73,45,82,55,55,55,55,45,55,18
james-ward-prowse,73,73,73,77,75,75,75,77,79,79,79,80,70,82,70,80,78,78,78,75,70,75,22
lucas-rodrigues-m-silva,81,81,81,69,79,79,79,69,81,81,81,81,61,76,61,81,65,65,65,66,61,66,21
alphonse-areola,36,36,36,33,34,34,34,33,38,38,38,37,33,38,33,37,36,36,36,32,33,32,82
kurt-zouma,64,64,64,72,60,60,60,72,62,62,62,62,83,68,83,62,77,77,77,75,83,75,22
joao-filipe-moutinho,73,73,73,77,74,74,74,77,80,80,80,78,74,81,74,78,80,80,80,75,74,75,23
jose-pedro-malheiro-de-sa,34,34,34,30,31,31,31,30,34,34,34,33,32,32,32,33,31,31,31,30,32,30,82
nelson-cabral-semedo,71,71,71,81,73,73,73,81,75,75,75,78,77,75,77,78,78,78,78,80,77,80,23
nick-pope,33,33,33,30,31,31,31,30,33,33,33,32,31,34,31,32,33,33,33,29,31,29,81
yves-bissouma,74,74,74,80,75,75,75,80,78,78,78,77,81,81,81,77,82,82,82,80,81,80,19
nicolas-pepe,78,78,78,63,79,79,79,63,80,80,80,81,50,73,50,81,58,58,58,59,50,59,19
emile-smith-rowe,74,74,74,62,78,78,78,62,81,81,81,81,46,75,46,81,59,59,59,57,46,57,19
danny-ings,80,80,80,64,79,79,79,64,79,79,79,78,59,74,59,78,63,63,63,62,59,62,21
marcos-alonso-mendoza,78,78,78,80,76,76,76,80,78,78,78,79,79,80,79,79,80,80,80,79,79,79,19
kepa-arrizabalaga,33,33,33,33,32,32,32,33,38,38,38,35,30,42,30,35,38,38,38,32,30,32,80
saul-niguez-esclapez,80,80,80,80,78,78,78,80,81,81,81,80,81,81,81,80,81,81,81,80,81,80,20
naby-keita,75,75,75,75,78,78,78,75,81,81,81,80,70,81,70,80,78,78,78,73,70,73,21
ibrahima-konate,59,59,59,73,58,58,58,73,62,62,62,63,82,67,82,63,77,77,77,76,82,76,19
frederico-de-paula-santos,74,74,74,80,76,76,76,80,80,80,80,80,77,80,77,80,80,80,80,80,77,80,24
alex-nicolao-telles,77,77,77,80,77,77,77,80,80,80,80,80,78,80,78,80,80,80,80,80,78,80,22
victor-lindelof,66,66,66,78,66,66,66,78,71,71,71,71,82,76,82,71,82,82,82,78,82,78,21
aaron-wan-bissaka,66,66,66,80,68,68,68,80,71,71,71,73,78,71,78,73,77,77,77,80,78,80,18
dean-henderson,32,32,32,31,32,32,32,31,37,37,37,35,28,38,28,35,34,34,34,30,28,30,81
bruno-guimaraes-moura,73,73,73,79,75,75,75,79,80,80,80,79,77,82,77,79,82,82,82,78,77,78,20
eric-dier,69,69,69,75,66,66,66,75,68,68,68,67,81,73,81,67,79,79,79,76,81,76,21
steven-bergwijn,80,80,80,65,80,80,80,65,82,82,82,81,55,75,55,81,62,62,62,62,55,62,22
sergio-reguilon-rodriguez,73,73,73,80,74,74,74,80,77,77,77,79,77,77,77,79,78,78,78,80,77,80,20
dejan-kulusevski,78,78,78,74,79,79,79,74,82,82,82,82,66,79,66,82,72,72,72,71,66,71,18
angelo-ogbonna,58,58,58,72,56,56,56,72,60,60,60,60,80,66,80,60,76,76,76,74,80,74,14
michail-antonio,80,80,80,69,78,78,78,69,79,79,79,80,68,75,68,80,68,68,68,68,68,68,22
vladimir-coufal,70,70,70,80,70,70,70,80,73,73,73,76,80,76,80,76,79,79,79,80,80,80,20
harvey-barnes,78,78,78,68,80,80,80,68,81,81,81,81,56,76,56,81,64,64,64,65,56,65,18
jonathan-castro-otto,69,69,69,80,70,70,70,80,73,73,73,75,78,74,78,75,78,78,78,80,78,80,18
james-tarkowski,61,61,61,74,59,59,59,74,63,63,63,64,80,69,80,64,78,78,78,76,80,76,19
wout-weghorst,80,80,80,61,75,75,75,61,74,74,74,71,66,72,66,71,65,65,65,60,66,60,22
marc-cucurella-saseta,75,75,75,81,77,77,77,81,80,80,80,81,76,81,76,81,80,80,80,80,76,80,20
granit-xhaka,70,70,70,74,69,69,69,74,74,74,74,73,74,79,74,73,79,79,79,73,74,73,19
benjamin-white,58,58,58,77,61,61,61,77,67,67,67,68,81,73,81,68,81,81,81,78,81,78,18
john-mcginn,76,76,76,77,75,75,75,77,79,79,79,78,76,80,76,78,80,80,80,76,76,76,20
emiliano-buendia,78,78,78,75,78,78,78,75,82,82,82,81,72,81,72,81,76,76,76,73,72,73,20
matty-cash,69,69,69,80,71,71,71,80,74,74,74,76,74,74,74,76,77,77,77,79,74,79,22
ezri-konsa,63,63,63,76,63,63,63,76,66,66,66,68,81,70,81,68,78,78,78,78,81,78,21
gylfi-sigurdhsson,77,77,77,72,76,76,76,72,79,79,79,79,65,79,65,79,73,73,73,69,65,69,22
michael-keane,60,60,60,72,57,57,57,72,61,61,61,62,80,67,80,62,76,76,76,73,80,73,21
abdoulaye-doucoure,79,79,79,79,78,78,78,79,79,79,79,79,79,79,79,79,79,79,79,79,79,79,23
donny-van-de-beek,79,79,79,77,77,77,77,77,81,81,81,79,76,81,76,79,79,79,79,76,76,76,21
oleksandr-zinchenko,74,74,74,80,76,76,76,80,79,79,79,79,77,80,77,79,80,80,80,79,77,79,21
nemanja-matic,71,71,71,73,69,69,69,73,73,73,73,71,79,78,79,71,79,79,79,73,79,73,22
callum-wilson,79,79,79,61,78,78,78,61,78,78,78,77,58,72,58,77,61,61,61,59,58,59,20
martin-dubravka,33,33,33,33,34,34,34,33,39,39,39,37,32,41,32,37,38,38,38,32,32,32,79
davinson-sanchez,63,63,63,73,60,60,60,73,62,62,62,63,80,67,80,63,77,77,77,76,80,76,19
rodrigo-bentancur,71,71,71,81,73,73,73,81,78,78,78,79,79,81,79,79,82,82,82,80,79,80,20
aaron-cresswell,69,69,69,79,70,70,70,79,73,73,73,75,77,75,77,75,77,77,77,79,77,79,20
jarrod-bowen,78,78,78,65,78,78,78,65,79,79,79,80,55,74,55,80,62,62,62,62,55,62,19
pablo-fornals-malla,75,75,75,77,77,77,77,77,80,80,80,80,71,81,71,80,78,78,78,75,71,75,20
nikola-vlasic,78,78,78,65,78,78,78,65,80,80,80,80,58,76,58,80,64,64,64,62,58,62,20
jonny-evans,54,54,54,72,52,52,52,72,57,57,57,59,79,65,79,59,77,77,77,74,79,74,22
timothy-castagne,72,72,72,79,73,73,73,79,75,75,75,78,76,76,76,78,77,77,77,79,76,79,21
caglar-soyuncu,63,63,63,73,61,61,61,73,64,64,64,64,81,68,81,64,77,77,77,75,81,75,16
conor-coady,66,66,66,76,65,65,65,76,70,70,70,69,79,77,79,69,80,80,80,76,79,76,20
vicente-guaita-panadero,33,33,33,36,32,32,32,36,36,36,36,36,33,37,33,36,35,35,35,35,33,35,79
lewis-dunk,62,62,62,70,60,60,60,70,64,64,64,61,79,71,79,61,79,79,79,72,79,72,22
leandro-trossard,78,78,78,58,78,78,78,58,79,79,79,79,46,73,46,79,55,55,55,54,46,54,18
takehiro-tomiyasu,60,60,60,78,62,62,62,78,67,67,67,70,80,71,80,70,79,79,79,78,80,78,19
gabriel-teodoro-martinelli-silva,77,77,77,66,77,77,77,66,78,78,78,79,57,71,57,79,60,60,60,63,57,63,17
tyrone-mings,63,63,63,76,62,62,62,76,65,65,65,68,78,70,78,68,77,77,77,77,78,77,20
ollie-watkins,80,80,80,65,77,77,77,65,77,77,77,77,59,72,59,77,62,62,62,64,59,64,20
callum-hudson-odoi,73,73,73,67,76,76,76,67,79,79,79,79,56,74,56,79,63,63,63,64,56,64,20
seamus-coleman,71,71,71,78,71,71,71,78,74,74,74,74,78,75,78,74,78,78,78,78,78,78,19
dele-alli,81,81,81,74,78,78,78,74,81,81,81,80,72,80,72,80,75,75,75,73,72,73,19
yerry-mina,63,63,63,68,59,59,59,68,62,62,62,60,80,67,80,60,75,75,75,70,80,70,19
rodrigo-moreno-machado,78,78,78,67,78,78,78,67,78,78,78,78,59,76,59,78,64,64,64,64,59,64,20
patrick-bamford,78,78,78,62,77,77,77,62,77,77,77,77,56,73,56,77,62,62,62,59,56,59,19
james-milner,73,73,73,78,73,73,73,78,77,77,77,76,78,78,78,76,78,78,78,78,78,78,19
alex-oxlade-chamberlain,76,76,76,78,78,78,78,78,78,78,78,78,71,78,71,78,77,77,77,76,71,76,20
nathan-ake,68,68,68,78,66,66,66,78,71,71,71,72,81,74,81,72,79,79,79,79,81,79,21
zack-steffen,33,33,33,32,34,34,34,32,40,40,40,37,31,41,31,37,37,37,37,31,31,31,79
jesse-lingard,78,78,78,70,78,78,78,70,78,78,78,78,64,76,64,78,69,69,69,68,64,68,21
jose-diogo-dalot-teixeira,73,73,73,78,73,73,73,78,76,76,76,77,77,76,77,77,76,76,76,78,77,78,17
miguel-almiron,74,74,74,70,76,76,76,70,78,78,78,78,59,75,59,78,67,67,67,68,59,68,20
oriol-romeu-vidal,59,59,59,71,58,58,58,71,62,62,62,60,78,70,78,60,78,78,78,72,78,72,22
pierluigi-gollini,33,33,33,31,30,30,30,31,31,31,31,31,30,31,30,31,30,30,30,31,30,31,79
emerson-leite-de-souza,73,73,73,78,72,72,72,78,74,74,74,76,77,74,77,76,76,76,76,78,77,78,20
manuel-lanzini,73,73,73,64,76,76,76,64,78,78,78,78,52,76,52,78,62,62,62,61,52,61,20
craig-dawson,61,61,61,72,56,56,56,72,58,58,58,61,78,64,78,61,74,74,74,74,78,74,16
said-benrahma,74,74,74,64,77,77,77,64,79,79,79,79,50,74,50,79,61,61,61,60,50,60,20
kelechi-iheanacho,80,80,80,60,78,78,78,60,79,79,79,77,54,73,54,77,60,60,60,57,54,57,19
wesley-fofana,58,58,58,72,57,57,57,72,60,60,60,61,80,65,80,61,76,76,76,75,80,75,20
willy-boly,58,58,58,71,57,57,57,71,62,62,62,63,78,68,78,63,76,76,76,72,78,72,18
romain-saiss,66,66,66,74,65,65,65,74,69,69,69,68,78,74,78,68,78,78,78,75,78,75,20
daniel-castelo-podence,71,71,71,61,77,77,77,61,79,79,79,79,45,73,45,79,57,57,57,56,45,56,21
pedro-lomba-neto,76,76,76,60,78,78,78,60,79,79,79,79,46,71,46,79,56,56,56,56,46,56,18
ben-mee,59,59,59,72,56,56,56,72,59,59,59,61,78,64,78,61,74,74,74,74,78,74,21
maxwel-cornet,79,79,79,76,77,77,77,76,77,77,77,79,72,75,72,79,72,72,72,75,72,75,21
conor-gallagher,75,75,75,75,77,77,77,75,79,79,79,79,68,80,68,79,76,76,76,73,68,73,18
rob-holding,56,56,56,72,57,57,57,72,61,61,61,62,79,67,79,62,76,76,76,73,79,73,22
bertrand-traore,76,76,76,65,76,76,76,65,78,78,78,78,57,74,57,78,63,63,63,62,57,62,19
douglas-luiz-soares-de-paulo,70,70,70,76,71,71,71,76,75,75,75,74,74,77,74,74,78,78,78,75,74,75,19
robert-kenedy-nunes-do-nascimento,75,75,75,71,76,76,76,71,77,77,77,78,64,74,64,78,68,68,68,69,64,69,21
andros-townsend,74,74,74,64,76,76,76,64,77,77,77,77,52,73,52,77,61,61,61,59,52,59,21
demarai-gray,74,74,74,62,77,77,77,62,78,78,78,78,47,71,47,78,56,56,56,58,47,58,18
ben-godfrey,61,61,61,75,61,61,61,75,64,64,64,66,79,68,79,66,75,75,75,76,79,76,19
diego-javier-llorente-rios,60,60,60,74,59,59,59,74,64,64,64,65,79,69,79,65,77,77,77,75,79,75,18
jack-harrison,74,74,74,67,76,76,76,67,77,77,77,78,55,73,55,78,63,63,63,64,55,64,18
daniel-james,74,74,74,67,75,75,75,67,76,76,76,78,56,71,56,78,62,62,62,64,56,64,19
illan-meslier,32,32,32,34,34,34,34,34,40,40,40,37,31,43,31,37,39,39,39,32,31,32,78
konstantinos-tsimikas,69,69,69,77,71,71,71,77,73,73,73,76,74,73,74,76,75,75,75,77,74,77,20
eric-bailly,61,61,61,70,59,59,59,70,63,63,63,62,78,64,78,62,73,73,73,72,78,72,20
chris-wood,77,77,77,56,73,73,73,56,71,71,71,69,57,67,57,69,58,58,58,55,57,55,22
dan-burn,55,55,55,72,53,53,53,72,57,57,57,60,77,65,77,60,75,75,75,73,77,73,20
ryan-fraser,70,70,70,69,74,74,74,69,77,77,77,77,56,73,56,77,64,64,64,65,56,65,21
fabian-schar,70,70,70,74,67,67,67,74,70,70,70,69,77,74,77,69,77,77,77,74,77,74,20
matt-targett,64,64,64,78,66,66,66,78,69,69,69,73,73,71,73,73,75,75,75,77,73,77,21
stuart-armstrong,77,77,77,74,76,76,76,74,77,77,77,77,70,77,70,77,74,74,74,72,70,72,21
kyle-walker-peters,63,63,63,78,66,66,66,78,70,70,70,73,74,71,74,73,74,74,74,77,74,77,19
romain-perraud,74,74,74,78,74,74,74,78,76,76,76,77,74,77,74,77,77,77,77,77,74,77,19
mohammed-salisu,56,56,56,70,51,51,51,70,53,53,53,56,79,59,79,56,74,74,74,73,79,73,16
matt-doherty,74,74,74,77,73,73,73,77,75,75,75,76,77,76,77,76,77,77,77,77,77,77,20
ben-davies,69,69,69,77,69,69,69,77,72,72,72,73,77,75,77,73,77,77,77,77,77,77,19
harry-winks,68,68,68,75,72,72,72,75,76,76,76,75,72,79,72,75,78,78,78,74,72,74,20
oliver-skipp,61,61,61,74,64,64,64,74,69,69,69,69,75,74,75,69,78,78,78,74,75,74,18
issa-diop,56,56,56,69,53,53,53,69,56,56,56,57,79,62,79,57,74,74,74,72,79,72,19
ademola-lookman,74,74,74,59,76,76,76,59,77,77,77,78,45,69,45,78,54,54,54,55,45,55,19
james-justin,67,67,67,77,68,68,68,77,71,71,71,74,74,71,74,74,74,74,74,77,74,77,19
patson-daka,79,79,79,54,76,76,76,54,75,75,75,75,45,66,45,75,51,51,51,51,45,51,17
leander-dendoncker,76,76,76,77,73,73,73,77,75,75,75,75,78,78,78,75,78,78,78,77,78,77,20
hee-chan-hwang,77,77,77,58,77,77,77,58,78,78,78,78,47,71,47,78,55,55,55,54,47,54,20
max-kilman,59,59,59,73,58,58,58,73,63,63,63,63,79,68,79,63,76,76,76,74,79,74,20
ben-foster,33,33,33,31,31,31,31,31,33,33,33,32,30,34,30,32,32,32,32,30,30,30,77
moussa-sissoko,72,72,72,77,71,71,71,77,73,73,73,75,77,75,77,75,77,77,77,76,77,76,19
ismaila-sarr,77,77,77,57,77,77,77,57,77,77,77,78,41,68,41,78,51,51,51,52,41,52,19
dwight-mcneil,72,72,72,68,74,74,74,68,77,77,77,78,60,75,60,78,66,66,66,65,60,65,21
cheikhou-kouyate,72,72,72,74,69,69,69,74,71,71,71,70,77,73,77,70,77,77,77,75,77,75,20
joachim-andersen,62,62,62,72,60,60,60,72,65,65,65,64,79,72,79,64,79,79,79,73,79,73,21
eberechi-eze,73,73,73,66,75,75,75,66,79,79,79,78,57,75,57,78,65,65,65,63,57,63,20
marc-guehi,60,60,60,72,58,58,58,72,62,62,62,63,79,66,79,63,76,76,76,74,79,74,20
pascal-gross,73,73,73,71,74,74,74,71,77,77,77,77,64,77,64,77,72,72,72,68,64,68,22
joel-veltman,65,65,65,77,63,63,63,77,66,66,66,69,77,71,77,69,77,77,77,77,77,77,19
neal-maupay,79,79,79,61,76,76,76,61,76,76,76,75,56,71,56,75,60,60,60,59,56,59,20
robert-lynch-sanchez,34,34,34,31,34,34,34,31,39,39,39,36,30,41,30,36,36,36,36,30,30,30,78
ivan-toney,79,79,79,64,75,75,75,64,75,75,75,74,63,70,63,74,63,63,63,63,63,63,19
mohamed-elneny,68,68,68,74,68,68,68,74,71,71,71,71,74,75,74,71,76,76,76,73,74,73,19
morgan-sanson,75,75,75,75,75,75,75,75,77,77,77,77,74,77,74,77,76,76,76,75,74,75,20
ross-barkley,75,75,75,67,75,75,75,67,76,76,76,76,65,76,65,76,70,70,70,65,65,65,19
ruben-loftus-cheek,76,76,76,72,76,76,76,72,78,78,78,77,71,78,71,77,74,74,74,70,71,70,20
trevoh-chalobah,63,63,63,73,63,63,63,73,67,67,67,67,78,71,78,67,77,77,77,74,78,74,16
andre-filipe-tavares-gomes,74,74,74,72,72,72,72,72,76,76,76,74,74,76,74,74,76,76,76,71,74,71,20
alex-iwobi,71,71,71,62,74,74,74,62,77,77,77,77,51,72,51,77,60,60,60,58,51,58,20
mason-holgate,62,62,62,76,62,62,62,76,67,67,67,69,78,71,78,69,77,77,77,77,78,77,21
vitaliy-mykolenko,58,58,58,75,58,58,58,75,62,62,62,66,72,64,72,66,71,71,71,76,72,76,19
luke-ayling,68,68,68,76,67,67,67,76,69,69,69,71,76,72,76,71,75,75,75,76,76,76,18
liam-cooper,54,54,54,69,52,52,52,69,56,56,56,57,76,64,76,57,74,74,74,71,76,71,20
robin-koch,59,59,59,72,60,60,60,72,64,64,64,63,78,70,78,63,77,77,77,73,78,73,17
divock-origi,77,77,77,56,76,76,76,56,76,76,76,76,48,69,48,76,54,54,54,53,48,53,23
takumi-minamino,74,74,74,62,76,76,76,62,77,77,77,77,51,72,51,77,60,60,60,58,51,58,21
juan-manuel-mata-garcia,72,72,72,58,74,74,74,58,76,76,76,76,47,75,47,76,59,59,59,54,47,54,18
jonjo-shelvey,71,71,71,70,71,71,71,70,75,75,75,74,69,76,69,74,74,74,74,68,69,68,21
isaac-hayden,68,68,68,71,68,68,68,71,71,71,71,68,77,74,77,68,77,77,77,72,77,72,20
nathan-redmond,72,72,72,59,75,75,75,59,76,76,76,76,42,70,42,76,54,54,54,54,42,54,20
jan-bednarek,48,48,48,69,47,47,47,69,53,53,53,54,78,60,78,54,73,73,73,71,78,71,20
che-adams,78,78,78,61,75,75,75,61,74,74,74,74,56,68,56,74,59,59,59,58,56,58,22
marc-albrighton,71,71,71,72,72,72,72,72,76,76,76,76,64,75,64,76,70,70,70,69,64,69,22
daniel-amartey,65,65,65,74,63,63,63,74,66,66,66,67,77,69,77,67,75,75,75,74,77,74,21
ayoze-perez-gutierrez,76,76,76,69,76,76,76,69,76,76,76,76,65,75,65,76,68,68,68,67,65,67,21
boubakary-soumare,69,69,69,75,70,70,70,75,75,75,75,74,75,77,75,74,77,77,77,74,75,74,18
fernando-marcal-de-oliveira,67,67,67,76,67,67,67,76,71,71,71,72,76,73,76,72,76,76,76,76,76,76,19
rayan-ait-nouri,62,62,62,76,66,66,66,76,70,70,70,73,72,71,72,73,73,73,73,76,72,76,21
francisco-mota-castro-trincao,75,75,75,61,75,75,75,61,77,77,77,77,51,72,51,77,58,58,58,58,51,58,18
tim-krul,30,30,30,28,28,28,28,28,32,32,32,30,30,33,30,30,31,31,31,28,30,28,76
milot-rashica,75,75,75,66,75,75,75,66,76,76,76,77,55,70,55,77,62,62,62,62,55,62,19
hassane-kamara,69,69,69,76,70,70,70,76,72,72,72,74,74,72,74,74,75,75,75,76,74,76,19
emmanuel-dennis,78,78,78,58,74,74,74,58,73,73,73,74,53,65,53,74,54,54,54,56,53,56,20
ashley-westwood,68,68,68,76,69,69,69,76,73,73,73,73,74,76,74,73,76,76,76,75,74,75,19
charlie-taylor,67,67,67,76,67,67,67,76,70,70,70,72,76,72,76,72,76,76,76,76,76,76,19
jeffrey-schlupp,76,76,76,76,75,75,75,76,76,76,76,76,74,75,74,76,74,74,74,76,74,76,18
odsonne-edouard,78,78,78,62,76,76,76,62,77,77,77,76,57,71,57,76,61,61,61,59,57,59,18
michael-olise,69,69,69,67,74,74,74,67,78,78,78,77,56,74,56,77,65,65,65,64,56,64,19
adam-webster,56,56,56,73,56,56,56,73,62,62,62,63,78,67,78,63,76,76,76,74,78,74,19
alexis-mac-allister,75,75,75,68,75,75,75,68,78,78,78,77,61,75,61,77,67,67,67,66,61,66,20
enock-mwepu,77,77,77,77,76,76,76,77,78,78,78,78,75,78,75,78,77,77,77,76,75,76,20
cedric-ricardo-alves-soares,70,70,70,75,70,70,70,75,72,72,72,73,73,73,73,73,74,74,74,75,73,75,21
albert-sambi-lokonga,68,68,68,75,71,71,71,75,75,75,75,75,72,77,72,75,76,76,76,74,72,74,19
ashley-young,72,72,72,75,72,72,72,75,75,75,75,75,75,74,75,75,75,75,75,75,75,75,23
calum-chambers,67,67,67,75,66,66,66,75,69,69,69,70,76,72,76,70,76,76,76,75,76,75,20
robin-olsen,30,30,30,29,28,28,28,29,31,31,31,30,30,34,30,30,33,33,33,29,30,29,75
kortney-hause,58,58,58,69,56,56,56,69,59,59,59,60,77,64,77,60,72,72,72,70,77,70,22
marvelous-nakamba,62,62,62,72,63,63,63,72,67,67,67,67,75,71,75,67,76,76,76,73,75,73,20
malang-sarr,66,66,66,74,64,64,64,74,66,66,66,68,77,69,77,68,75,75,75,75,77,75,18
asmir-begovic,33,33,33,29,28,28,28,29,31,31,31,31,31,31,31,31,32,32,32,29,31,29,75
fabian-delph,70,70,70,75,71,71,71,75,74,74,74,73,74,75,74,73,75,75,75,74,74,74,18
salomon-rondon,75,75,75,53,72,72,72,53,72,72,72,70,51,66,51,70,54,54,54,50,51,50,20
anwar-el-ghazi,75,75,75,58,75,75,75,58,75,75,75,75,50,70,50,75,55,55,55,54,50,54,21
tom-davies,70,70,70,74,72,72,72,74,75,75,75,75,72,77,72,75,76,76,76,73,72,73,20
stuart-dallas,73,73,73,75,73,73,73,75,75,75,75,75,74,75,74,75,75,75,75,75,74,75,19
pascal-struijk,55,55,55,70,55,55,55,70,60,60,60,60,77,67,77,60,76,76,76,72,77,72,20
hector-junior-firpo-adames,71,71,71,76,70,70,70,76,72,72,72,74,75,73,75,74,74,74,74,75,75,75,19
curtis-jones,71,71,71,72,73,73,73,72,76,76,76,75,68,77,68,75,74,74,74,70,68,70,18
tom-heaton,33,33,33,31,31,31,31,31,34,34,34,34,31,34,31,34,33,33,33,31,31,31,75
karl-darlow,33,33,33,32,32,32,32,32,34,34,34,34,29,34,29,34,32,32,32,31,29,31,75
jamaal-lascelles,53,53,53,67,48,48,48,67,51,51,51,53,76,57,76,53,70,70,70,70,76,70,21
joelinton-apolinario-de-lira,77,77,77,67,76,76,76,67,77,77,77,75,69,76,69,75,71,71,71,67,69,67,21
joe-willock,76,76,76,73,76,76,76,73,78,78,78,77,71,77,71,77,73,73,73,72,71,72,18
fraser-forster,31,31,31,28,30,30,30,28,32,32,32,31,31,32,31,31,31,31,31,27,31,27,75
alex-mccarthy,33,33,33,30,31,31,31,30,34,34,34,33,30,34,30,33,32,32,32,29,30,29,75
mohamed-elyounoussi,75,75,75,67,75,75,75,67,75,75,75,75,63,72,63,75,65,65,65,66,63,66,19
adam-armstrong,77,77,77,60,76,76,76,60,76,76,76,76,52,69,52,76,57,57,57,57,52,57,20
armando-broja,77,77,77,53,73,73,73,53,72,72,72,71,49,64,49,71,52,52,52,50,49,50,18
ryan-sessegnon,72,72,72,75,74,74,74,75,76,76,76,78,69,75,69,78,73,73,73,74,69,74,17
andriy-yarmolenko,75,75,75,62,75,75,75,62,75,75,75,75,57,75,57,75,64,64,64,59,57,59,19
ryan-fredericks,66,66,66,75,67,67,67,75,70,70,70,73,71,68,71,73,71,71,71,75,71,75,20
arthur-masuaku,70,70,70,75,71,71,71,75,74,74,74,75,72,74,72,75,73,73,73,75,72,75,17
alex-kral,74,74,74,75,72,72,72,75,74,74,74,74,75,75,75,74,76,76,76,75,75,75,20
jannik-vestergaard,57,57,57,65,52,52,52,65,55,55,55,54,75,65,75,54,74,74,74,67,75,67,21
luke-thomas,62,62,62,75,64,64,64,75,68,68,68,71,72,70,72,71,73,73,73,75,72,75,19
teemu-pukki,75,75,75,57,75,75,75,57,75,75,75,74,52,71,52,74,59,59,59,55,52,55,19
mathias-normann,71,71,71,74,71,71,71,74,75,75,75,75,73,76,73,75,76,76,76,73,73,73,19
pierre-lees-melou,73,73,73,74,73,73,73,74,75,75,75,75,70,75,70,75,75,75,75,72,70,72,19
nicolas-nkoulou,60,60,60,69,59,59,59,69,62,62,62,62,75,65,75,62,71,71,71,71,75,71,17
juraj-kucka,75,75,75,75,72,72,72,75,74,74,74,73,75,75,75,73,75,75,75,75,75,75,20
jack-cork,66,66,66,72,64,64,64,72,68,68,68,67,75,73,75,67,75,75,75,72,75,72,18
matthew-lowton,69,69,69,75,68,68,68,75,71,71,71,72,75,74,75,72,75,75,75,75,75,75,18
josh-brownhill,72,72,72,77,71,71,71,77,74,74,74,74,76,77,76,74,78,78,78,76,76,76,18
connor-roberts,65,65,65,76,66,66,66,76,68,68,68,72,71,70,71,72,72,72,72,75,71,75,19
nathan-collins,53,53,53,71,51,51,51,71,54,54,54,59,77,60,77,59,72,72,72,72,77,72,19
james-mcarthur,71,71,71,75,71,71,71,75,74,74,74,73,75,75,75,73,75,75,75,74,75,74,19
christian-benteke,75,75,75,51,71,71,71,51,71,71,71,68,51,66,51,68,53,53,53,49,51,49,18
jordan-ayew,75,75,75,64,75,75,75,64,75,75,75,75,59,72,59,75,62,62,62,62,59,62,19
luka-milivojevic,70,70,70,73,67,67,67,73,70,70,70,69,75,74,75,69,75,75,75,73,75,73,19
will-hughes,69,69,69,73,72,72,72,73,76,76,76,76,69,76,69,76,74,74,74,72,69,72,20
jairo-riedewald,66,66,66,73,66,66,66,73,70,70,70,69,75,73,75,69,76,76,76,73,75,73,20
jean-philippe-mateta,77,77,77,51,72,72,72,51,70,70,70,68,52,63,52,68,52,52,52,50,52,50,19
tyrick-mitchell,57,57,57,74,59,59,59,74,63,63,63,66,73,64,73,66,71,71,71,75,73,75,20
adam-lallana,73,73,73,69,74,74,74,69,75,75,75,75,67,75,67,75,71,71,71,68,67,68,19
solly-march,71,71,71,75,73,73,73,75,76,76,76,76,67,75,67,76,72,72,72,73,67,73,20
tariq-lamptey,61,61,61,75,65,65,65,75,68,68,68,72,68,68,68,72,70,70,70,75,68,75,20
pontus-jansson,57,57,57,67,55,55,55,67,58,58,58,57,75,64,75,57,73,73,73,69,75,69,17
christian-norgaard,68,68,68,74,67,67,67,74,70,70,70,70,76,73,76,70,76,76,76,74,76,74,20
david-raya-martin,36,36,36,32,38,38,38,32,43,43,43,39,30,43,30,39,37,37,37,31,30,31,76
kristoffer-ajer,68,68,68,73,65,65,65,73,66,66,66,68,77,68,77,68,74,74,74,74,77,74,17
rico-henry,60,60,60,75,63,63,63,75,67,67,67,70,70,66,70,70,70,70,70,74,70,74,19
yoane-wissa,75,75,75,57,74,74,74,57,75,75,75,76,46,67,46,76,53,53,53,53,46,53,19
ethan-pinnock,58,58,58,70,56,56,56,70,60,60,60,61,76,65,76,61,74,74,74,72,76,72,17
bryan-mbeumo,75,75,75,63,75,75,75,63,76,76,76,77,55,71,55,77,61,61,61,60,55,60,21
jacob-ramsey,75,75,75,71,75,75,75,71,77,77,77,76,68,76,68,76,72,72,72,69,68,69,19
jonjoe-kenny,63,63,63,74,64,64,64,74,67,67,67,69,73,70,73,69,73,73,73,74,73,74,21
mateusz-klich,71,71,71,71,72,72,72,71,74,74,74,74,67,74,67,74,72,72,72,69,67,69,21
federico-fernandez,50,50,50,64,49,49,49,64,53,53,53,53,74,60,74,53,71,71,71,67,74,67,21
jacob-murphy,70,70,70,72,71,71,71,72,73,73,73,74,64,71,64,74,68,68,68,70,64,70,20
emil-krafth,66,66,66,74,65,65,65,74,68,68,68,69,74,71,74,69,74,74,74,74,74,74,20
javier-manquillo-gaitan,62,62,62,74,63,63,63,74,64,64,64,69,72,67,72,69,72,72,72,74,72,74,20
jack-stephens,59,59,59,69,58,58,58,69,62,62,62,62,75,67,75,62,74,74,74,70,75,70,20
moussa-djenepo,71,71,71,59,72,72,72,59,74,74,74,75,50,68,50,75,55,55,55,56,50,56,19
ibrahima-diallo,61,61,61,71,63,63,63,71,68,68,68,67,73,71,73,67,75,75,75,71,73,71,18
tino-livramento,63,63,63,74,65,65,65,74,68,68,68,71,70,68,70,71,71,71,71,74,70,74,20
japhet-tanganga,59,59,59,74,60,60,60,74,63,63,63,67,78,65,78,67,74,74,74,75,78,75,19
darren-randolph,32,32,32,29,30,30,30,29,32,32,32,31,29,33,29,31,32,32,32,29,29,29,74
ryan-bertrand,66,66,66,74,67,67,67,74,70,70,70,72,74,71,74,72,74,74,74,74,74,74,21
nampalys-mendy,65,65,65,73,66,66,66,73,71,71,71,70,74,72,74,70,74,74,74,73,74,73,22
danny-ward,30,30,30,28,28,28,28,28,31,31,31,30,29,32,29,30,31,31,31,28,29,28,74
kiernan-dewsbury-hall,68,68,68,70,71,71,71,70,75,75,75,73,67,76,67,73,73,73,73,69,67,69,19
grant-hanley,50,50,50,64,46,46,46,64,49,49,49,50,74,57,74,50,70,70,70,67,74,67,18
dimitris-giannoulis,62,62,62,74,63,63,63,74,65,65,65,69,70,66,70,69,70,70,70,74,70,74,18
max-aarons,62,62,62,75,66,66,66,75,69,69,69,72,71,70,71,72,73,73,73,74,71,74,18
brandon-williams,68,68,68,75,68,68,68,75,70,70,70,72,72,70,72,72,73,73,73,74,72,74,18
joshua-king,74,74,74,58,74,74,74,58,74,74,74,74,54,69,54,74,58,58,58,55,54,55,19
francisco-femenia-far,66,66,66,74,68,68,68,74,72,72,72,73,71,72,71,73,73,73,73,74,71,74,22
christian-kabasele,62,62,62,68,57,57,57,68,58,58,58,59,74,61,74,59,70,70,70,70,74,70,22
adam-masina,61,61,61,74,61,61,61,74,65,65,65,67,74,69,74,67,73,73,73,74,74,74,19
imran-louza,67,67,67,70,71,71,71,70,75,75,75,73,63,76,63,73,71,71,71,68,63,68,17
aaron-lennon,66,66,66,66,70,70,70,66,74,74,74,74,54,70,54,74,63,63,63,62,54,62,20
jay-rodriguez,74,74,74,59,73,73,73,59,74,74,74,73,54,70,54,73,58,58,58,56,54,56,21
wayne-hennessey,30,30,30,27,29,29,29,27,32,32,32,30,28,34,28,30,32,32,32,27,28,27,74
james-tomkins,50,50,50,62,48,48,48,62,52,52,52,51,74,59,74,51,70,70,70,65,74,65,19
martin-kelly,58,58,58,67,55,55,55,67,57,57,57,58,74,61,74,58,70,70,70,69,74,69,17
joel-ward,64,64,64,73,63,63,63,73,67,67,67,67,74,70,74,67,74,74,74,74,74,74,18
danny-welbeck,74,74,74,57,73,73,73,57,73,73,73,73,56,67,56,73,57,57,57,56,56,56,20
shane-duffy,59,59,59,63,53,53,53,63,53,53,53,53,74,60,74,53,69,69,69,66,74,66,19
jakub-moder,73,73,73,74,73,73,73,74,75,75,75,75,72,76,72,75,75,75,75,73,72,73,21
mathias-jensen,67,67,67,72,69,69,69,72,74,74,74,74,68,76,68,74,73,73,73,70,68,70,19
vitaly-janelt,68,68,68,72,68,68,68,72,71,71,71,70,73,73,73,70,75,75,75,72,73,72,17
frank-onyeka,69,69,69,74,68,68,68,74,71,71,71,71,75,71,75,71,75,75,75,74,75,74,19
nuno-albertino-varela-tavares,67,67,67,73,68,68,68,73,70,70,70,72,69,68,69,72,69,69,69,73,69,73,20
cenk-tosun,73,73,73,55,71,71,71,55,72,72,72,71,52,67,52,71,55,55,55,52,52,52,21
adam-forshaw,66,66,66,72,68,68,68,72,73,73,73,72,68,73,68,72,73,73,73,70,68,70,20
caoimhin-kelleher,29,29,29,26,28,28,28,26,32,32,32,30,27,32,27,30,30,30,30,26,27,26,74
harvey-elliott,66,66,66,61,71,71,71,61,75,75,75,75,44,71,44,75,57,57,57,57,44,57,19
phil-jones,59,59,59,64,55,55,55,64,58,58,58,56,73,61,73,56,69,69,69,66,73,66,19
matt-ritchie,70,70,70,73,72,72,72,73,73,73,73,73,69,73,69,73,73,73,73,71,69,71,21
paul-dummett,60,60,60,72,60,60,60,72,63,63,63,66,73,67,73,66,73,73,73,73,73,73,21
sean-longstaff,68,68,68,71,69,69,69,71,73,73,73,71,68,75,68,71,74,74,74,70,68,70,19
theo-walcott,72,72,72,61,71,71,71,61,73,73,73,73,52,68,52,73,58,58,58,59,52,59,19
hamza-choudhury,60,60,60,70,60,60,60,70,64,64,64,63,75,67,75,63,74,74,74,71,75,71,19
lukas-rupp,68,68,68,73,70,70,70,73,73,73,73,73,68,73,68,73,73,73,73,72,68,72,18
ozan-kabak,56,56,56,65,55,55,55,65,60,60,60,59,75,63,75,59,71,71,71,68,75,68,17
danny-rose,67,67,67,73,67,67,67,73,70,70,70,71,73,71,73,71,73,73,73,73,73,73,20
tom-cleverley,69,69,69,69,71,71,71,69,73,73,73,73,65,73,65,73,71,71,71,67,65,67,21
samir-caetano-de-souza-santos,52,52,52,70,50,50,50,70,54,54,54,57,75,59,75,57,71,71,71,71,75,71,20
samuel-kalu,70,70,70,59,72,72,72,59,73,73,73,74,47,67,47,74,53,53,53,55,47,55,19
erik-pieters,61,61,61,73,62,62,62,73,66,66,66,68,73,69,73,68,73,73,73,73,73,73,21
dale-stephens,67,67,67,70,66,66,66,70,69,69,69,68,73,73,73,68,73,73,73,70,73,70,21
ashley-barnes,73,73,73,60,71,71,71,60,73,73,73,71,61,70,61,71,63,63,63,58,61,58,18
johann-berg-gudhmundsson,73,73,73,69,73,73,73,69,73,73,73,73,67,73,67,73,70,70,70,68,67,68,17
matej-vydra,73,73,73,59,73,73,73,59,73,73,73,73,51,69,51,73,56,56,56,57,51,57,21
nathaniel-clyne,68,68,68,73,69,69,69,73,72,72,72,71,73,72,73,71,73,73,73,73,73,73,19
jack-butland,36,36,36,33,34,34,34,33,37,37,37,36,34,36,34,36,36,36,36,32,34,32,73
eddie-nketiah,74,74,74,50,72,72,72,50,71,71,71,70,42,62,42,70,47,47,47,48,42,48,18
anthony-gordon,67,67,67,59,69,69,69,59,71,71,71,73,48,66,48,73,55,55,55,55,48,55,15
adrian-san-miguel-castillo,31,31,31,29,28,28,28,29,29,29,29,29,31,30,31,29,31,31,31,29,31,29,72
loris-karius,33,33,33,29,31,31,31,29,35,35,35,34,27,35,27,34,31,31,31,28,27,28,72
anthony-elanga,71,71,71,58,71,71,71,58,72,72,72,72,48,64,48,72,52,52,52,56,48,56,18
ciaran-clark,59,59,59,62,54,54,54,62,55,55,55,53,72,59,72,53,67,67,67,64,72,64,19
dwight-gayle,72,72,72,53,71,71,71,53,69,69,69,70,44,63,44,70,49,49,49,50,44,50,18
jamal-lewis,66,66,66,72,66,66,66,72,69,69,69,71,70,68,70,71,70,70,70,72,70,72,18
willy-caballero,31,31,31,28,29,29,29,28,33,33,33,31,30,35,30,31,33,33,33,27,30,27,72
lyanco-neves-vojnovic,54,54,54,65,52,52,52,65,56,56,56,56,74,60,74,56,70,70,70,67,74,67,17
joe-rodon,50,50,50,67,48,48,48,67,52,52,52,53,74,58,74,53,71,71,71,69,74,69,19
ben-johnson,57,57,57,72,58,58,58,72,61,61,61,65,69,63,69,65,68,68,68,72,69,72,18
ben-gibson,48,48,48,63,46,46,46,63,50,50,50,50,72,57,72,50,69,69,69,66,72,66,21
sam-byram,67,67,67,72,66,66,66,72,68,68,68,70,72,68,72,70,71,71,71,72,72,72,21
angus-gunn,32,32,32,30,31,31,31,30,35,35,35,33,30,35,30,33,33,33,33,29,30,29,73
billy-gilmour,62,62,62,71,67,67,67,71,72,72,72,71,67,74,67,71,73,73,73,70,67,70,19
christos-tzolis,72,72,72,59,71,71,71,59,72,72,72,73,50,65,50,73,54,54,54,57,50,57,18
craig-cathcart,52,52,52,63,49,49,49,63,53,53,53,51,72,61,72,51,70,70,70,65,72,65,18
daniel-bachmann,33,33,33,30,30,30,30,30,33,33,33,32,30,35,30,32,34,34,34,29,30,29,73
ken-sema,69,69,69,70,71,71,71,70,72,72,72,72,64,71,64,72,69,69,69,68,64,68,19
francisco-sierralta,50,50,50,65,47,47,47,65,50,50,50,53,74,54,74,53,67,67,67,67,74,67,19
mathias-jorgensen,56,56,56,65,53,53,53,65,57,57,57,56,72,62,72,56,71,71,71,67,72,67,21
sergi-canos-tenes,71,71,71,67,71,71,71,67,74,74,74,74,62,71,62,74,66,66,66,65,62,65,20
josh-dasilva,71,71,71,71,72,72,72,71,75,75,75,74,67,74,67,74,72,72,72,69,67,69,20
alvaro-fernandez-llorente,28,28,28,27,27,27,27,27,31,31,31,30,25,30,25,30,28,28,28,26,25,26,73
marcus-bettinelli,27,27,27,26,27,27,27,26,30,30,30,28,26,32,26,28,30,30,30,25,26,25,72
tyler-roberts,73,73,73,59,71,71,71,59,73,73,73,73,52,69,52,73,58,58,58,56,52,56,19
jamie-shackleton,62,62,62,72,65,65,65,72,70,70,70,72,66,70,66,72,71,71,71,71,66,71,20
joe-gelhardt,73,73,73,52,71,71,71,52,73,73,73,71,46,66,46,71,52,52,52,49,46,49,18
shane-long,71,71,71,56,71,71,71,56,70,70,70,71,52,63,52,71,53,53,53,54,52,54,20
yan-valery,63,63,63,71,63,63,63,71,65,65,65,67,71,66,71,67,69,69,69,71,71,71,21
kenny-mclean,71,71,71,70,69,69,69,70,71,71,71,71,69,71,69,71,71,71,71,69,69,69,20
kieran-dowell,68,68,68,57,70,70,70,57,73,73,73,71,48,69,48,71,57,57,57,54,48,54,19
jacob-sorensen,64,64,64,70,63,63,63,70,66,66,66,67,71,68,71,67,72,72,72,71,71,71,19
william-troost-ekong,49,49,49,62,44,44,44,62,45,45,45,48,73,51,73,48,65,65,65,65,73,65,17
oghenekaro-etebo,71,71,71,73,70,70,70,73,72,72,72,72,74,73,74,72,74,74,74,73,74,73,21
joao-pedro-junqueira-de-jesus,73,73,73,52,71,71,71,52,72,72,72,71,41,64,41,71,47,47,47,49,41,49,18
kevin-long,54,54,54,62,51,51,51,62,54,54,54,54,71,58,71,54,67,67,67,64,71,64,17
tudor-baluta,54,54,54,64,54,54,54,64,59,59,59,54,70,65,70,54,72,72,72,65,70,65,16
jonas-lossl,29,29,29,27,28,28,28,27,32,32,32,30,29,35,29,30,33,33,33,27,29,27,71
john-ruddy,30,30,30,27,27,27,27,27,28,28,28,28,28,29,28,28,29,29,29,27,28,27,70
fabio-daniel-soares-silva,72,72,72,49,69,69,69,49,68,68,68,67,43,60,43,67,47,47,47,46,43,46,19
christoph-zimmermann,46,46,46,57,40,40,40,57,43,43,43,43,70,52,70,43,66,66,66,61,70,61,19
dan-gosling,69,69,69,68,68,68,68,68,70,70,70,68,70,70,70,68,70,70,70,68,70,68,20
edo-kayembe,67,67,67,69,65,65,65,69,68,68,68,68,71,70,71,68,71,71,71,69,71,69,17
jeremy-ngakia,52,52,52,69,54,54,54,69,57,57,57,61,68,58,68,61,66,66,66,70,68,70,21
phil-bardsley,63,63,63,70,62,62,62,70,65,65,65,64,70,69,70,64,70,70,70,70,70,70,18
steven-alzate,66,66,66,70,69,69,69,70,73,73,73,73,66,72,66,73,70,70,70,69,66,69,16
julian-jeanvier,54,54,54,64,50,50,50,64,53,53,53,54,70,56,70,54,66,66,66,66,70,66,19
tariqe-fosu,67,67,67,58,68,68,68,58,71,71,71,71,48,65,48,71,55,55,55,55,48,55,19
francisco-jorge-tavares-oliveira,68,68,68,56,68,68,68,56,68,68,68,71,44,61,44,71,50,50,50,53,44,53,21
przemyslaw-placheta,65,65,65,60,66,66,66,60,68,68,68,70,47,62,47,70,53,53,53,57,47,57,18
josh-sargent,72,72,72,61,69,69,69,61,69,69,69,70,57,67,57,70,60,60,60,59,57,59,17
nathan-ferguson,54,54,54,68,53,53,53,68,56,56,56,60,69,60,69,60,67,67,67,69,69,69,18
saman-ghoddos,69,69,69,62,69,69,69,62,69,69,69,69,59,69,59,69,63,63,63,61,59,61,19
mads-roerslev,58,58,58,69,61,61,61,69,65,65,65,67,65,66,65,67,67,67,67,68,65,68,19
crysencio-summerville,66,66,66,53,67,67,67,53,69,69,69,69,37,60,37,69,45,45,45,49,37,49,18
matija-sarkic,28,28,28,24,25,25,25,24,26,26,26,26,24,27,24,26,25,25,25,24,24,24,69
adam-idah,70,70,70,45,64,64,64,45,62,62,62,61,43,54,43,61,43,43,43,43,43,43,18
andrew-omobamidele,49,49,49,62,48,48,48,62,52,52,52,53,70,55,70,53,65,65,65,64,70,64,15
rob-elliot,29,29,29,27,26,26,26,27,29,29,29,28,27,29,27,28,29,29,29,26,27,26,68
mads-bech-sorensen,53,53,53,66,51,51,51,66,55,55,55,58,70,60,70,58,68,68,68,67,70,67,20
shandon-baptiste,66,66,66,69,67,67,67,69,71,71,71,71,68,70,68,71,70,70,70,69,68,69,20
jarrad-branthwaite,49,49,49,61,46,46,46,61,48,48,48,49,69,53,69,49,65,65,65,64,69,64,18
cole-palmer,65,65,65,59,66,66,66,59,68,68,68,68,52,64,52,68,57,57,57,57,52,57,17
mark-gillespie,30,30,30,27,28,28,28,27,32,32,32,30,28,32,28,30,30,30,30,26,28,26,68
nathan-tella,64,64,64,55,65,65,65,55,67,67,67,68,43,59,43,68,48,48,48,52,43,52,16
tote-antonio-gomes,60,60,60,68,59,59,59,68,62,62,62,64,69,64,69,64,68,68,68,69,69,69,17
moises-caicedo,62,62,62,68,64,64,64,68,68,68,68,66,67,69,67,66,71,71,71,68,67,68,19
nathan-patterson,58,58,58,66,58,58,58,66,60,60,60,63,65,60,65,63,63,63,63,66,65,66,16
scott-carson,30,30,30,26,27,27,27,26,29,29,29,27,29,28,29,27,27,27,27,26,29,26,66
kayky-da-silva-chagas,62,62,62,52,64,64,64,52,66,66,66,67,38,59,38,67,46,46,46,48,38,48,19
santiago-munoz,68,68,68,51,67,67,67,51,69,69,69,69,42,62,42,69,48,48,48,48,42,48,15
will-smallbone,64,64,64,63,66,66,66,63,69,69,69,67,58,68,58,67,63,63,63,62,58,62,17
ki-jana-hoever,54,54,54,66,56,56,56,66,60,60,60,62,64,60,64,62,64,64,64,65,64,65,19
michael-mcgovern,25,25,25,22,22,22,22,22,24,24,24,23,23,25,23,23,23,23,23,22,23,22,66
sam-greenwood,66,66,66,52,65,65,65,52,66,66,66,65,46,60,46,65,50,50,50,50,46,50,18
charlie-cresswell,47,47,47,59,44,44,44,59,49,49,49,50,67,55,67,50,64,64,64,61,67,61,17
rhys-williams,52,52,52,60,50,50,50,60,54,54,54,55,67,57,67,55,64,64,64,62,67,62,19
will-norris,28,28,28,28,26,26,26,28,30,30,30,29,27,31,27,29,30,30,30,28,27,28,66
remi-matthews,31,31,31,28,29,29,29,28,33,33,33,31,28,33,28,31,31,31,31,27,28,27,66
jason-steele,33,33,33,28,31,31,31,28,35,35,35,33,30,37,30,33,34,34,34,28,30,28,65
charlie-patino,59,59,59,64,61,61,61,64,65,65,65,64,63,66,63,64,65,65,65,63,63,63,17
omari-hutchinson,61,61,61,57,62,62,62,57,66,66,66,65,50,63,50,65,56,56,56,56,50,56,15
carney-chukwuemeka,62,62,62,56,63,63,63,56,66,66,66,66,52,63,52,66,57,57,57,55,52,55,18
kyle-john,55,55,55,64,56,56,56,64,59,59,59,61,62,58,62,61,61,61,61,64,62,64,17
tyler-morton,59,59,59,64,61,61,61,64,64,64,64,64,62,66,62,64,65,65,65,63,62,63,19
liam-delap,66,66,66,44,61,61,61,44,60,60,60,60,41,53,41,60,43,43,43,42,41,42,17
jayden-braaf,64,64,64,57,63,63,63,57,64,64,64,65,50,59,50,65,53,53,53,55,50,55,19
hannibal-mejbri,60,60,60,63,63,63,63,63,66,66,66,67,57,65,57,67,62,62,62,61,57,61,17
brandon-austin,22,22,22,21,21,21,21,21,23,23,23,22,22,22,22,22,22,22,22,21,22,21,65
jneil-bennett,63,63,63,51,63,63,63,51,64,64,64,64,41,56,41,64,45,45,45,49,41,49,16
harvey-white,66,66,66,66,66,66,66,66,68,68,68,69,61,67,61,69,65,65,65,65,61,65,20
dane-scarlett,66,66,66,43,62,62,62,43,60,60,60,60,38,52,38,60,40,40,40,41,38,41,17
david-martin,32,32,32,28,30,30,30,28,33,33,33,32,29,33,29,32,31,31,31,28,29,28,64
yerson-mosquera,46,46,46,60,43,43,43,60,45,45,45,47,66,48,66,47,60,60,60,63,66,63,16
jaroslaw-jach,56,56,56,61,52,52,52,61,54,54,54,55,66,57,66,55,63,63,63,62,66,62,17
jeremy-sarmiento,63,63,63,51,63,63,63,51,64,64,64,65,40,58,40,65,46,46,46,49,40,49,18
arthur-okonkwo,24,24,24,24,22,22,22,24,25,25,25,25,24,24,24,25,24,24,24,24,24,24,64
miguel-azeez,62,62,62,59,63,63,63,59,66,66,66,66,52,65,52,66,58,58,58,57,52,57,19
harvey-vale,61,61,61,54,61,61,61,54,64,64,64,64,48,60,48,64,52,52,52,52,48,52,19
kristoffer-klaesson,27,27,27,25,27,27,27,25,31,31,31,28,26,30,26,28,28,28,28,24,26,24,64
leo-hjelde,52,52,52,62,52,52,52,62,55,55,55,58,65,57,65,58,62,62,62,63,65,63,17
lewis-bate,58,58,58,63,61,61,61,63,66,66,66,66,58,66,58,66,64,64,64,62,58,62,16
leighton-clarkson,57,57,57,62,60,60,60,62,65,65,65,64,57,65,57,64,62,62,62,61,57,61,19
bjorn-hardley,53,53,53,62,53,53,53,62,56,56,56,58,65,58,65,58,63,63,63,63,65,63,19
alejandro-garnacho-ferreyra,62,62,62,50,62,62,62,50,63,63,63,64,37,56,37,64,44,44,44,47,37,47,18
jamie-bowden,61,61,61,63,62,62,62,63,65,65,65,64,63,65,63,64,65,65,65,63,63,63,19
eldin-jakupovic,27,27,27,26,26,26,26,26,31,31,31,28,28,33,28,28,32,32,32,25,28,25,63
jaakko-oksanen,58,58,58,63,58,58,58,63,62,62,62,62,61,64,61,62,64,64,64,62,61,62,18
joel-ideho,58,58,58,53,59,59,59,53,61,61,61,63,43,55,43,63,46,46,46,51,43,51,14
catalin-cirjan,59,59,59,55,62,62,62,55,66,66,66,64,49,64,49,64,56,56,56,54,49,54,19
brad-young,64,64,64,46,62,62,62,46,62,62,62,62,40,54,40,62,42,42,42,44,40,44,20
andy-lonergan,27,27,27,25,25,25,25,25,28,28,28,27,27,28,27,27,27,27,27,25,27,25,62
ryan-astley,48,48,48,58,46,46,46,58,50,50,50,50,64,53,64,50,60,60,60,59,64,59,18
jack-jenkins,54,54,54,62,55,55,55,62,59,59,59,61,60,61,60,61,63,63,63,61,60,61,18
luke-mbete,50,50,50,60,48,48,48,60,51,51,51,53,64,55,64,53,62,62,62,61,64,61,16
romeo-lavia,53,53,53,61,53,53,53,61,56,56,56,56,64,59,64,56,63,63,63,62,64,62,17
samuel-edozie,59,59,59,50,60,60,60,50,61,61,61,63,39,55,39,63,45,45,45,47,39,47,17
james-mcatee,62,62,62,54,62,62,62,54,64,64,64,63,49,61,49,63,53,53,53,52,49,52,17
shola-shoretire,62,62,62,53,62,62,62,53,64,64,64,63,47,59,47,63,52,52,52,51,47,51,15
lewis-cass,50,50,50,60,48,48,48,60,50,50,50,53,64,51,64,53,59,59,59,61,64,61,18
harry-lewis,27,27,27,26,24,24,24,26,25,25,25,25,28,26,28,25,27,27,27,26,28,26,63
malachi-fagan-walcott,47,47,47,58,45,45,45,58,48,48,48,50,64,51,64,50,59,59,59,59,64,59,20
jonathan-tomkinson,45,45,45,55,40,40,40,55,42,42,42,44,64,46,64,44,58,58,58,58,64,58,19
tony-springett,61,61,61,50,61,61,61,50,62,62,62,63,39,56,39,63,46,46,46,47,39,47,13
tiago-cukur,64,64,64,45,60,60,60,45,60,60,60,59,45,56,45,59,46,46,46,43,45,43,14
jesurun-rak-sakyi,60,60,60,47,61,61,61,47,62,62,62,62,36,55,36,62,42,42,42,44,36,44,18
myles-peart-harris,63,63,63,54,62,62,62,54,64,64,64,65,49,61,49,65,53,53,53,52,49,52,17
joel-lopez-salguero,56,56,56,61,55,55,55,61,56,56,56,59,58,55,58,59,58,58,58,61,58,61,18
zak-swanson,54,54,54,61,54,54,54,61,57,57,57,58,61,59,61,58,61,61,61,61,61,61,17
salah-eddine-oulad-mhand,58,58,58,56,60,60,60,56,63,63,63,63,47,61,47,63,54,54,54,54,47,54,18
dominic-revan,46,46,46,56,43,43,43,56,45,45,45,48,63,47,63,48,56,56,56,59,63,59,18
tim-iroegbunam,58,58,58,61,58,58,58,61,60,60,60,60,61,61,61,60,62,62,62,61,61,61,18
thierno-ballo,56,56,56,52,58,58,58,52,61,61,61,62,44,56,44,62,48,48,48,51,44,51,16
stuart-mckinstry,56,56,56,54,57,57,57,54,60,60,60,62,44,56,44,62,50,50,50,52,44,52,17
sean-mcgurk,60,60,60,56,60,60,60,56,63,63,63,63,49,60,49,63,54,54,54,55,49,55,15
kaide-gordon,59,59,59,48,60,60,60,48,62,62,62,62,37,56,37,62,44,44,44,45,37,45,16
zidane-iqbal,61,61,61,58,62,62,62,58,65,65,65,63,54,63,54,63,58,58,58,57,54,57,15
jake-turner,22,22,22,21,19,19,19,21,22,22,22,21,22,24,22,21,23,23,23,21,22,21,62
harrison-ashby,52,52,52,61,51,51,51,61,52,52,52,57,57,52,57,57,55,55,55,61,57,61,18
meritan-shabani,58,58,58,51,59,59,59,51,63,63,63,63,45,60,45,63,51,51,51,49,45,49,15
jonathan-rowe,61,61,61,47,60,60,60,47,61,61,61,62,40,52,40,62,43,43,43,45,40,45,16
bobby-thomas,46,46,46,55,42,42,42,55,45,45,45,45,63,47,63,45,57,57,57,57,63,57,19
lewis-richardson,63,63,63,44,60,60,60,44,60,60,60,59,39,54,39,59,42,42,42,43,39,43,16
fin-stevens,54,54,54,61,54,54,54,61,57,57,57,59,59,57,59,59,59,59,59,60,59,60,18
james-olayinka,62,62,62,60,62,62,62,60,64,64,64,65,52,62,52,65,57,57,57,58,52,58,16
marcelo-flores,55,55,55,51,58,58,58,51,62,62,62,62,42,58,42,62,49,49,49,49,42,49,15
zane-monlouis,45,45,45,57,42,42,42,57,45,45,45,47,62,48,62,47,57,57,57,59,62,59,14
george-mceachran,53,53,53,58,57,57,57,58,62,62,62,62,52,62,52,62,58,58,58,57,52,57,16
josh-brooking,43,43,43,55,39,39,39,55,40,40,40,43,62,43,62,43,54,54,54,58,62,58,17
tyler-onyango,58,58,58,58,57,57,57,58,60,60,60,60,59,62,59,60,62,62,62,58,59,58,16
liam-mccarron,57,57,57,61,57,57,57,61,59,59,59,61,52,57,52,61,55,55,55,60,52,60,18
dani-van-den-heuvel,23,23,23,21,20,20,20,21,24,24,24,22,23,26,23,22,25,25,25,20,23,20,61
amari-miller,57,57,57,51,57,57,57,51,58,58,58,61,39,52,39,61,44,44,44,49,39,49,16
conor-bradley,52,52,52,60,53,53,53,60,56,56,56,59,57,55,57,59,58,58,58,60,57,60,17
charlie-wellens,59,59,59,61,58,58,58,61,60,60,60,61,57,60,57,61,60,60,60,60,57,60,16
charlie-savage,54,54,54,60,56,56,56,60,60,60,60,60,58,62,58,60,61,61,61,59,58,59,17
marcel-lavinier,52,52,52,60,51,51,51,60,52,52,52,55,60,52,60,55,57,57,57,60,60,60,17
alfie-devine,61,61,61,58,60,60,60,58,62,62,62,62,56,61,56,62,58,58,58,58,56,58,17
maksim-paskotsi,53,53,53,61,53,53,53,61,56,56,56,58,62,57,62,58,60,60,60,61,62,61,19
ajibola-alese,49,49,49,56,46,46,46,56,47,47,47,49,62,49,62,49,56,56,56,58,62,58,16
armstrong-okoflex,61,61,61,46,59,59,59,46,60,60,60,61,38,53,38,61,41,41,41,44,38,44,17
thanawat-suengchitthawon,58,58,58,54,59,59,59,54,62,62,62,63,46,59,46,63,52,52,52,52,46,52,19
wanya-marcal-madivadua,57,57,57,50,59,59,59,50,62,62,62,62,43,58,43,62,49,49,49,48,43,48,15
chem-campbell,59,59,59,54,59,59,59,54,62,62,62,62,48,57,48,62,51,51,51,53,48,53,16
hugo-bueno-lopez,55,55,55,60,55,55,55,60,57,57,57,61,55,55,55,61,55,55,55,59,55,59,16
daniel-adshead,57,57,57,59,59,59,59,59,62,62,62,61,55,62,55,61,60,60,60,58,55,58,16
flynn-clarke,56,56,56,49,58,58,58,49,62,62,62,60,41,59,41,60,49,49,49,47,41,47,17
kwadwo-baah,60,60,60,49,59,59,59,49,60,60,60,61,43,54,43,61,46,46,46,47,43,47,17
anthony-gomez-mancini,59,59,59,61,59,59,59,61,61,61,61,62,60,62,60,62,62,62,62,60,60,60,18
max-thompson,62,62,62,43,59,59,59,43,59,59,59,57,40,52,40,57,42,42,42,42,40,42,17
nya-kirby,55,55,55,53,57,57,57,53,61,61,61,62,44,58,44,62,51,51,51,51,44,51,16
antef-tsoungui,45,45,45,53,39,39,39,53,39,39,39,41,62,41,62,41,52,52,52,56,62,56,18
ben-cottrell,58,58,58,51,58,58,58,51,61,61,61,60,46,58,46,60,51,51,51,50,46,50,15
lewis-hall,57,57,57,62,58,58,58,62,62,62,62,63,58,61,58,63,61,61,61,61,58,61,18
joshua-wilson-esbrand,49,49,49,58,51,51,51,58,52,52,52,56,56,50,56,56,53,53,53,59,56,59,16
cj-egan-riley,48,48,48,58,47,47,47,58,49,49,49,52,61,52,61,52,59,59,59,59,61,59,16
dmani-mellor,61,61,61,53,59,59,59,53,60,60,60,60,50,55,50,60,51,51,51,52,50,52,17
will-fish,46,46,46,54,43,43,43,54,46,46,46,47,61,49,61,47,57,57,57,56,61,56,18
dan-langley,22,22,22,21,19,19,19,21,22,22,22,21,22,22,22,21,23,23,23,20,22,20,60
thierry-nevers,60,60,60,48,58,58,58,48,59,59,59,60,40,52,40,60,43,43,43,46,40,46,15
taylor-perry,60,60,60,58,61,61,61,58,63,63,63,63,54,61,54,63,57,57,57,57,54,57,18
luke-cundle,56,56,56,58,58,58,58,58,62,62,62,61,51,61,51,61,57,57,57,57,51,57,18
henry-wise,57,57,57,58,56,56,56,58,59,59,59,59,56,61,56,59,60,60,60,58,56,58,15
scott-banks,59,59,59,48,58,58,58,48,60,60,60,60,41,55,41,60,45,45,45,47,41,47,17
jake-giddings,52,52,52,59,50,50,50,59,54,54,54,55,61,56,61,55,60,60,60,59,61,59,18
ulrick-eneme-ella,57,57,57,51,58,58,58,51,61,61,61,60,48,56,48,60,50,50,50,50,48,50,18
odel-offiah,48,48,48,58,47,47,47,58,48,48,48,52,61,47,61,52,53,53,53,59,61,59,19
paris-maghoma,58,58,58,58,58,58,58,58,62,62,62,61,56,61,56,61,59,59,59,58,56,58,17
nathan-young-coombes,61,61,61,45,60,60,60,45,60,60,60,61,35,53,35,61,41,41,41,42,35,42,19
ben-chrisene,53,53,53,60,55,55,55,60,58,58,58,61,54,56,54,61,56,56,56,58,54,58,15
lamare-bogarde,54,54,54,59,52,52,52,59,54,54,54,56,60,56,60,56,59,59,59,59,60,59,18
lewis-dobbin,60,60,60,42,59,59,59,42,60,60,60,58,34,51,34,58,38,38,38,40,34,40,15
alex-robertson,58,58,58,57,58,58,58,57,61,61,61,61,55,60,55,61,58,58,58,57,55,57,16
remi-savage,49,49,49,56,47,47,47,56,49,49,49,51,60,51,60,51,57,57,57,58,60,58,17
kgaogelo-chauke,53,53,53,50,56,56,56,50,59,59,59,59,43,56,43,59,49,49,49,49,43,49,16
thierry-small,48,48,48,57,47,47,47,57,49,49,49,53,56,47,56,53,51,51,51,58,56,58,16
pierre-ekwah-elimby,49,49,49,57,49,49,49,57,53,53,53,53,59,56,59,53,59,59,59,58,59,58,18
robert-harker,60,60,60,43,56,56,56,43,55,55,55,54,40,49,40,54,41,41,41,42,40,42,18
mark-helm,58,58,58,51,58,58,58,51,60,60,60,60,45,58,45,60,51,51,51,49,45,49,18
owen-dodgson,52,52,52,58,52,52,52,58,54,54,54,57,55,54,55,57,55,55,55,58,55,58,16
killian-phillips,58,58,58,59,56,56,56,59,58,58,58,59,60,60,60,59,60,60,60,58,60,58,18
tayo-adaramola,55,55,55,57,54,54,54,57,55,55,55,57,55,53,55,57,54,54,54,58,55,58,17
haydon-roberts,52,52,52,59,51,51,51,59,54,54,54,55,60,54,60,55,58,58,58,59,60,59,19
evan-ferguson,60,60,60,41,57,57,57,41,58,58,58,57,34,50,34,57,38,38,38,39,34,39,17
ed-turns,46,46,46,54,44,44,44,54,46,46,46,46,60,46,60,46,54,54,54,56,60,56,19
andrew-moran,57,57,57,50,57,57,57,50,60,60,60,58,47,56,47,58,50,50,50,50,47,50,21
daniel-oyegoke,50,50,50,58,50,50,50,58,53,53,53,56,56,52,56,56,55,55,55,58,56,58,14
hayden-lindley,57,57,57,58,56,56,56,58,57,57,57,58,58,57,58,58,58,58,58,58,58,58,18
sam-mcclelland,43,43,43,51,38,38,38,51,39,39,39,41,59,43,59,41,52,52,52,53,59,53,16
kris-moore,41,41,41,54,39,39,39,54,43,43,43,46,59,47,59,46,55,55,55,55,59,55,15
tom-clayton,44,44,44,53,41,41,41,53,43,43,43,45,59,45,59,45,54,54,54,55,59,55,16
billy-koumetio,43,43,43,52,39,39,39,52,41,41,41,42,59,44,59,42,53,53,53,54,59,54,18
oludare-olufunwa,47,47,47,56,47,47,47,56,49,49,49,53,54,48,54,53,52,52,52,57,54,57,18
brooklyn-lyons-foster,42,42,42,53,39,39,39,53,41,41,41,43,59,44,59,43,53,53,53,55,59,55,14
jamal-baptiste,45,45,45,54,42,42,42,54,45,45,45,46,59,47,59,46,55,55,55,55,59,55,18
daniel-chesters,51,51,51,49,53,53,53,49,57,57,57,58,40,53,40,58,46,46,46,46,40,46,13
sonny-perkins,59,59,59,44,57,57,57,44,58,58,58,57,39,52,39,57,41,41,41,42,39,42,19
james-morris,49,49,49,56,47,47,47,56,48,48,48,52,57,47,57,52,52,52,52,57,57,57,19
lewis-gordon,50,50,50,57,50,50,50,57,52,52,52,55,53,50,53,55,52,52,52,57,53,57,17
matthew-cox,23,23,23,21,22,22,22,21,26,26,26,24,20,27,20,24,25,25,25,20,20,20,58
maxwell-haygarth,55,55,55,46,56,56,56,46,59,59,59,58,39,52,39,58,43,43,43,43,39,43,17
sil-swinkels,42,42,42,51,38,38,38,51,39,39,39,41,58,43,58,41,51,51,51,53,58,53,18
tommi-oreilly,60,60,60,56,58,58,58,56,60,60,60,59,54,58,54,59,55,55,55,57,54,57,19
arjan-raikhy,55,55,55,57,55,55,55,57,58,58,58,58,59,58,59,58,59,59,59,58,59,58,16
lucas-bergstrom,23,23,23,20,19,19,19,20,22,22,22,21,23,23,23,21,23,23,23,19,23,19,57
amadou-diallo,54,54,54,46,55,55,55,46,57,57,57,57,36,50,36,57,41,41,41,43,36,43,20
keenan-appiah-forson,53,53,53,58,54,54,54,58,57,57,57,58,54,58,54,58,57,57,57,58,54,58,17
maurizio-pochettino,54,54,54,47,53,53,53,47,55,55,55,57,39,50,39,57,42,42,42,46,39,46,16
jj-mckiernan,58,58,58,55,56,56,56,55,58,58,58,59,52,56,52,59,54,54,54,54,52,54,20
james-furlong,44,44,44,56,44,44,44,56,47,47,47,50,54,48,54,50,54,54,54,56,54,56,18
zak-emmerson,57,57,57,43,56,56,56,43,57,57,57,57,35,50,35,57,40,40,40,41,35,41,15
marc-leonard,55,55,55,58,55,55,55,58,58,58,58,58,57,58,57,58,58,58,58,58,57,58,15
viljami-sinisalo,22,22,22,20,19,19,19,20,21,21,21,20,21,21,21,20,21,21,21,19,21,19,56
joshua-feeney,42,42,42,53,39,39,39,53,41,41,41,43,57,45,57,43,53,53,53,55,57,55,17
ryan-finnigan,54,54,54,55,54,54,54,55,57,57,57,57,52,57,52,57,56,56,56,54,52,54,18
kazeem-olaigbe,57,57,57,44,55,55,55,44,56,56,56,56,38,50,38,56,41,41,41,43,38,43,13
lewis-payne,44,44,44,55,44,44,44,55,46,46,46,49,54,46,54,49,52,52,52,55,54,55,16
tobi-omole,47,47,47,54,44,44,44,54,47,47,47,49,56,48,56,49,53,53,53,55,56,55,17
lewis-brunt,51,51,51,54,51,51,51,54,55,55,55,56,50,57,50,56,55,55,55,53,50,53,17
joe-hodge,54,54,54,56,55,55,55,56,58,58,58,58,54,57,54,58,56,56,56,55,54,55,18
harry-birtwistle,54,54,54,55,52,52,52,55,54,54,54,56,51,51,51,56,51,51,51,55,51,55,15
liam-gibbs,55,55,55,55,55,55,55,55,58,58,58,57,52,57,52,57,54,54,54,54,52,54,17
reece-hannam,46,46,46,54,46,46,46,54,49,49,49,52,51,47,51,52,50,50,50,55,51,55,17
owen-hesketh,57,57,57,55,56,56,56,55,58,58,58,59,50,56,50,59,53,53,53,55,50,55,16
jon-mccracken,20,20,20,19,17,17,17,19,20,20,20,20,22,21,22,20,21,21,21,19,22,19,55
tom-mcgill,21,21,21,19,18,18,18,19,21,21,21,20,22,22,22,20,22,22,22,19,22,19,55
jeremie-mukendi,51,51,51,46,51,51,51,46,54,54,54,56,36,51,36,56,43,43,43,44,36,44,17
callum-hulme,52,52,52,54,53,53,53,54,57,57,57,56,51,55,51,56,54,54,54,54,51,54,16
conor-carty,55,55,55,42,52,52,52,42,53,53,53,53,36,48,36,53,39,39,39,40,36,40,17
regan-riley,51,51,51,51,51,51,51,51,54,54,54,54,48,54,48,54,51,51,51,50,48,50,18
joe-mcglynn,53,53,53,37,50,50,50,37,51,51,51,50,33,46,33,50,36,36,36,36,33,36,13
akos-onodi,20,20,20,17,16,16,16,17,20,20,20,19,21,20,21,19,20,20,20,18,21,18,51
cieran-slicker,20,20,20,19,18,18,18,19,21,21,21,21,21,23,21,21,22,22,22,19,21,19,51
sam-waller,21,21,21,18,18,18,18,18,20,20,20,20,21,20,21,20,20,20,20,18,21,18,49
