;;;;;;;Playing Time;;;;Performance;;;;;;;;Expected;;;;Progression;;;Per 90 Minutes;;;;;;;;;;
Rk;Player;Nation;Pos;Squad;Age;Born;MP;Starts;Min;90s;Gls;Ast;G+A;G-PK;PK;PKatt;CrdY;CrdR;xG;npxG;xAG;npxG+xAG;PrgC;PrgP;PrgR;Gls;Ast;G+A;G-PK;G+A-PK;xG;xAG;xG+xAG;npxG;npxG+xAG;Matches
1;Max Aarons;eng ENG;DF;Bournemouth;23-301;2000;10;9;793;8.8;0.00;0.00;0.00;0.00;0.00;0.00;0.11;0.00;0.00;0.00;0.02;0.03;1.36;2.95;1.70;0.00;0.00;0.00;0.00;0.00;0.00;0.03;0.03;0.00;0.03;Matches
2;Bénie Adama Traore;ci CIV;FW,MF;Sheffield Utd;20-336;2002;6;3;325;3.6;0.00;0.00;0.00;0.00;0.00;0.00;0.00;0.00;0.08;0.08;0.14;0.19;1.94;2.50;3.61;0.00;0.00;0.00;0.00;0.00;0.07;0.13;0.20;0.07;0.20;Matches
3;Tosin Adarabioyo;eng ENG;DF;Fulham;26-038;1997;1;0;2;0.0;0;0;0;0;0;0;0;0;0.0;0.0;0.0;0.0;0;0;0;0.00;0.00;0.00;0.00;0.00;0.00;0.00;0.00;0.00;0.00;Matches
4;Elijah Adebayo;eng ENG;FW;Luton Town;25-298;1998;10;4;367;4.1;0.49;0.00;0.49;0.49;0.00;0.00;0.00;0.00;0.34;0.34;0.07;0.41;0.98;1.71;6.10;0.49;0.00;0.49;0.49;0.49;0.34;0.07;0.41;0.34;0.41;Matches
5;Simon Adingra;ci CIV;FW,DF;Brighton;21-304;2002;9;5;487;5.4;0.37;0.19;0.56;0.37;0.00;0.00;0.00;0.00;0.17;0.17;0.24;0.41;2.41;1.67;6.48;0.37;0.18;0.55;0.37;0.55;0.16;0.24;0.41;0.16;0.41;Matches
6;Nayef Aguerd;ma MAR;DF;West Ham;27-216;1996;9;9;786;8.7;0.11;0.00;0.11;0.11;0.00;0.00;0.23;0.11;0.10;0.10;0.00;0.10;0.69;1.95;0.00;0.11;0.00;0.11;0.11;0.11;0.10;0.00;0.10;0.10;0.10;Matches
7;Naouirou Ahamada;fr FRA;MF,FW;Crystal Palace;21-217;2002;4;0;59;0.7;0.00;0.00;0.00;0.00;0.00;0.00;0.00;0.00;0.00;0.00;0.00;0.00;7.14;7.14;8.57;0.00;0.00;0.00;0.00;0.00;0.00;0.00;0.00;0.00;0.00;Matches
8;Anel Ahmedhodži?;ba BIH;DF;Sheffield Utd;24-220;1999;8;8;720;8.0;0.00;0.00;0.00;0.00;0.00;0.00;0.38;0.00;0.11;0.11;0.00;0.11;0.38;1.38;1.25;0.00;0.00;0.00;0.00;0.00;0.11;0.00;0.11;0.11;0.11;Matches
9;Ola Aina;ng NGA;DF,MF;Nott'ham Forest;27-024;1996;7;6;468;5.2;0.00;0.00;0.00;0.00;0.00;0.00;0.58;0.00;0.00;0.00;0.00;0.02;2.12;2.50;0.96;0.00;0.00;0.00;0.00;0.00;0.01;0.00;0.01;0.01;0.01;Matches
10;Rayan Aït Nouri;dz ALG;MF,DF;Wolves;22-148;2001;10;9;694;7.7;0.00;0.00;0.00;0.00;0.00;0.00;0.39;0.00;0.08;0.08;0.04;0.10;1.82;4.94;3.51;0.00;0.00;0.00;0.00;0.00;0.07;0.03;0.11;0.07;0.11;Matches
11;Kristoffer Ajer;no NOR;DF;Brentford;25-198;1998;8;5;468;5.2;0.00;0.19;0.19;0.00;0.00;0.00;0.19;0.00;0.12;0.12;0.29;0.40;2.12;3.27;2.88;0.00;0.19;0.19;0.00;0.19;0.11;0.28;0.40;0.11;0.40;Matches
12;Manuel Akanji;ch SUI;DF;Manchester City;28-105;1995;7;7;629;7.0;0.00;0.00;0.00;0.00;0.00;0.00;0.43;0.14;0.01;0.01;0.01;0.03;1.57;3.86;1.00;0.00;0.00;0.00;0.00;0.00;0.02;0.02;0.03;0.02;0.03;Matches
13;Nathan Aké;nl NED;DF;Manchester City;28-256;1995;8;5;463;5.1;0.20;0.00;0.20;0.20;0.00;0.00;0.00;0.00;0.16;0.16;0.10;0.27;1.18;5.49;0.59;0.19;0.00;0.19;0.19;0.19;0.16;0.11;0.26;0.16;0.26;Matches
14;Trent Alexander-Arnold;eng ENG;DF;Liverpool;25-025;1998;8;7;598;6.6;0.00;0.15;0.15;0.00;0.00;0.00;0.45;0.00;0.06;0.06;0.15;0.23;2.88;5.61;2.73;0.00;0.15;0.15;0.00;0.15;0.07;0.15;0.22;0.07;0.22;Matches
15;Alisson;br BRA;GK;Liverpool;31-030;1992;10;10;900;10.0;0.00;0.00;0.00;0.00;0.00;0.00;0.10;0.00;0.00;0.00;0.00;0.00;0.00;0.10;0.00;0.00;0.00;0.00;0.00;0.00;0.00;0.00;0.00;0.00;0.00;Matches
16;Miguel Almirón;py PAR;FW;Newcastle Utd;29-264;1994;10;8;656;7.3;0.27;0.00;0.27;0.27;0.00;0.00;0.14;0.00;0.18;0.18;0.05;0.23;4.52;3.29;8.63;0.27;0.00;0.27;0.27;0.27;0.17;0.05;0.23;0.17;0.23;Matches
17;Edson Álvarez;mx MEX;MF;West Ham;26-008;1997;9;8;681;7.6;0.00;0.13;0.13;0.00;0.00;0.00;0.66;0.00;0.04;0.04;0.01;0.05;0.53;2.37;0.92;0.00;0.13;0.13;0.00;0.13;0.04;0.01;0.05;0.04;0.05;Matches
18;Julián Álvarez;ar ARG;MF,FW;Manchester City;23-274;2000;10;10;837;9.3;0.43;0.32;0.75;0.43;0.00;0.00;0.22;0.00;0.33;0.33;0.13;0.46;2.04;3.55;5.38;0.43;0.32;0.75;0.43;0.75;0.33;0.13;0.46;0.33;0.46;Matches
19;Zeki Amdouni;ch SUI;FW,MF;Burnley;22-332;2000;9;9;583;6.5;0.15;0.00;0.15;0.15;0.00;0.00;0.15;0.00;0.26;0.26;0.05;0.31;2.15;2.15;2.46;0.15;0.00;0.15;0.15;0.15;0.26;0.04;0.31;0.26;0.31;Matches
20;Sofyan Amrabat;ma MAR;MF,DF;Manchester Utd;27-072;1996;5;4;313;3.5;0.00;0.00;0.00;0.00;0.00;0.00;0.57;0.00;0.00;0.00;0.03;0.03;1.14;10.3;1.14;0.00;0.00;0.00;0.00;0.00;0.01;0.03;0.04;0.01;0.04;Matches
21;Joachim Andersen;dk DEN;DF;Crystal Palace;27-154;1996;10;10;900;10.0;0.20;0.10;0.30;0.20;0.00;0.00;0.10;0.00;0.07;0.07;0.13;0.20;0.90;6.00;0.50;0.20;0.10;0.30;0.20;0.30;0.07;0.13;0.20;0.07;0.20;Matches
22;Elliot Anderson;sct SCO;MF,FW;Newcastle Utd;20-360;2002;9;4;411;4.6;0.00;0.22;0.22;0.00;0.00;0.00;0.00;0.00;0.15;0.15;0.20;0.35;3.04;5.65;7.17;0.00;0.22;0.22;0.00;0.22;0.16;0.19;0.35;0.16;0.35;Matches
23;Jaidon Anthony;eng ENG;FW;Bournemouth;23-335;1999;3;2;152;1.7;0.00;0.00;0.00;0.00;0.00;0.00;0.59;0.00;0.06;0.06;0.00;0.06;1.18;4.71;5.29;0.00;0.00;0.00;0.00;0.00;0.04;0.00;0.04;0.04;0.04;Matches
24;Michail Antonio;jm JAM;FW;West Ham;33-218;1990;10;10;738;8.2;0.24;0.12;0.37;0.24;0.00;0.00;0.24;0.00;0.13;0.13;0.07;0.21;2.68;1.22;5.12;0.24;0.12;0.37;0.24;0.37;0.13;0.07;0.21;0.13;0.21;Matches
25;Antony;br BRA;FW,MF;Manchester Utd;23-250;2000;7;5;404;4.5;0.00;0.00;0.00;0.00;0.00;0.00;0.44;0.00;0.18;0.18;0.18;0.36;4.22;4.67;13.6;0.00;0.00;0.00;0.00;0.00;0.17;0.18;0.35;0.17;0.35;Matches
26;Cameron Archer;eng ENG;FW;Sheffield Utd;22-103;2001;7;6;532;5.9;0.17;0.00;0.17;0.17;0.00;0.00;0.17;0.00;0.10;0.10;0.08;0.19;1.19;1.19;5.08;0.17;0.00;0.17;0.17;0.17;0.09;0.09;0.18;0.09;0.18;Matches
27;Cameron Archer;eng ENG;MF;Aston Villa;22-103;2001;1;0;6;0.1;0.00;0.00;0.00;0.00;0.00;0.00;10.0;0.00;0.00;0.00;0.00;0.00;10.0;0.00;0.00;0.00;0.00;0.00;0.00;0.00;0.00;0.00;0.00;0.00;0.00;Matches
28;Alphonse Areola;fr FRA;GK;West Ham;30-247;1993;10;10;900;10.0;0.00;0.00;0.00;0.00;0.00;0.00;0.00;0.00;0.00;0.00;0.00;0.00;0.00;0.10;0.00;0.00;0.00;0.00;0.00;0.00;0.00;0.00;0.00;0.00;0.00;Matches
29;Serge Aurier;ci CIV;DF,MF;Nott'ham Forest;30-312;1992;9;9;708;7.9;0.00;0.25;0.25;0.00;0.00;0.00;0.25;0.00;0.01;0.01;0.06;0.08;1.27;4.18;3.04;0.00;0.25;0.25;0.00;0.25;0.01;0.06;0.07;0.01;0.07;Matches
30;Taiwo Awoniyi;ng NGA;FW;Nott'ham Forest;26-081;1997;8;6;510;5.7;0.53;0.35;0.88;0.53;0.00;0.00;0.18;0.00;0.40;0.40;0.14;0.54;0.88;1.23;3.86;0.53;0.35;0.88;0.53;0.88;0.41;0.14;0.55;0.41;0.55;Matches
31;Jordan Ayew;gh GHA;FW,MF;Crystal Palace;32-051;1991;10;10;834;9.3;0.11;0.22;0.32;0.11;0.00;0.00;0.32;0.00;0.17;0.17;0.12;0.29;3.12;2.69;7.53;0.11;0.22;0.32;0.11;0.32;0.17;0.12;0.29;0.17;0.29;Matches
32;Leon Bailey;jm JAM;MF,FW;Aston Villa;26-084;1997;8;2;272;3.0;1.00;0.67;1.67;1.00;0.00;0.00;0.33;0.00;0.50;0.50;0.50;1.00;5.33;3.33;10.0;0.99;0.66;1.65;0.99;1.65;0.51;0.50;1.01;0.51;1.01;Matches
33;George Baldock;gr GRE;DF,MF;Sheffield Utd;30-237;1993;4;3;270;3.0;0.00;0.00;0.00;0.00;0.00;0.00;0.33;0.00;0.00;0.00;0.07;0.07;0.67;2.00;4.33;0.00;0.00;0.00;0.00;0.00;0.00;0.05;0.05;0.00;0.05;Matches
34;Carlos Baleba;cm CMR;MF;Brighton;19-302;2004;5;3;247;2.7;0.00;0.00;0.00;0.00;0.00;0.00;0.37;0.00;0.11;0.11;0.00;0.11;0.74;2.59;0.00;0.00;0.00;0.00;0.00;0.00;0.10;0.02;0.12;0.10;0.12;Matches
35;Shandon Baptiste;gd GRN;MF;Brentford;25-207;1998;1;0;19;0.2;0.00;0.00;0.00;0.00;0.00;0.00;0.00;0.00;0.00;0.00;0.00;0.00;0.00;0.00;0.00;0.00;0.00;0.00;0.00;0.00;0.00;0.00;0.00;0.00;0.00;Matches
36;Ross Barkley;eng ENG;MF;Luton Town;29-331;1993;5;3;265;2.9;0.00;0.00;0.00;0.00;0.00;0.00;0.00;0.00;0.17;0.17;0.17;0.34;1.38;5.86;0.69;0.00;0.00;0.00;0.00;0.00;0.16;0.17;0.32;0.16;0.32;Matches
37;Harvey Barnes;eng ENG;FW;Newcastle Utd;25-327;1997;6;2;187;2.1;0.48;0.48;0.95;0.48;0.00;0.00;0.48;0.00;0.33;0.33;0.43;0.76;7.14;2.38;7.62;0.48;0.48;0.96;0.48;0.96;0.35;0.42;0.76;0.35;0.76;Matches
38;Chris Basham;eng ENG;DF,MF;Sheffield Utd;35-104;1988;8;3;321;3.6;0.00;0.00;0.00;0.00;0.00;0.00;0.28;0.00;0.03;0.03;0.08;0.11;0.28;1.94;1.67;0.00;0.00;0.00;0.00;0.00;0.04;0.07;0.10;0.04;0.10;Matches
39;Calvin Bassey;ng NGA;DF;Fulham;23-305;1999;6;3;307;3.4;0.00;0.00;0.00;0.00;0.00;0.00;0.59;0.29;0.00;0.00;0.00;0.00;0.29;0.88;0.59;0.00;0.00;0.00;0.00;0.00;0.00;0.00;0.00;0.00;0.00;Matches
40;Donny van de Beek;nl NED;DF;Manchester Utd;26-197;1997;1;0;3;0.0;0;0;0;0;0;0;0;0;0.0;0.0;0.1;0.2;0;0;1;0.00;0.00;0.00;0.00;0.00;1.09;4.44;5.54;1.09;5.54;Matches
41;Amari'i Bell;jm JAM;DF;Luton Town;29-180;1994;7;7;560;6.2;0.00;0.00;0.00;0.00;0.00;0.00;0.00;0.00;0.03;0.03;0.00;0.05;0.97;3.23;0.48;0.00;0.00;0.00;0.00;0.00;0.04;0.00;0.04;0.04;0.04;Matches
42;Jean-Ricner Bellegarde;fr FRA;MF;Wolves;25-127;1998;2;2;114;1.3;0.00;0.00;0.00;0.00;0.00;0.00;0.00;0.77;0.00;0.00;0.00;0.08;4.62;3.85;1.54;0.00;0.00;0.00;0.00;0.00;0.03;0.02;0.05;0.03;0.05;Matches
43;Anis Ben Slimane;tn TUN;MF;Sheffield Utd;22-230;2001;4;1;106;1.2;0.00;0.00;0.00;0.00;0.00;0.00;1.67;0.00;0.08;0.08;0.00;0.08;0.00;5.00;6.67;0.00;0.00;0.00;0.00;0.00;0.10;0.00;0.10;0.10;0.10;Matches
44;Saïd Benrahma;dz ALG;FW,MF;West Ham;28-083;1995;8;3;373;4.1;0.00;0.24;0.24;0.00;0.00;0.00;0.24;0.00;0.12;0.12;0.22;0.34;5.37;4.15;12.4;0.00;0.24;0.24;0.00;0.24;0.12;0.22;0.34;0.12;0.34;Matches
45;Rodrigo Bentancur;uy URU;FW;Tottenham;26-129;1997;1;0;1;0.0;0;0;0;0;0;0;0;0;0.1;0.1;0.0;0.1;0;0;0;0.00;0.00;0.00;0.00;0.00;6.05;0.00;6.05;6.05;6.05;Matches
46;Jóhann Berg Guðmundsson;is ISL;MF,FW;Burnley;33-005;1990;5;4;251;2.8;0.00;0.36;0.36;0.00;0.00;0.00;0.36;0.00;0.00;0.00;0.14;0.14;1.07;5.36;5.36;0.00;0.36;0.36;0.00;0.36;0.00;0.16;0.16;0.00;0.16;Matches
47;Sander Berge;no NOR;MF;Burnley;25-260;1998;10;7;610;6.8;0.00;0.15;0.15;0.00;0.00;0.00;0.29;0.00;0.13;0.13;0.09;0.22;1.32;2.79;2.35;0.00;0.15;0.15;0.00;0.15;0.13;0.09;0.22;0.13;0.22;Matches
48;Luke Berry;eng ENG;MF;Luton Town;31-112;1992;2;0;28;0.3;0.00;0.00;0.00;0.00;0.00;0.00;0.00;0.00;0.00;0.00;0.00;0.00;0.00;0.00;0.00;0.00;0.00;0.00;0.00;0.00;0.00;0.00;0.00;0.00;0.00;Matches
49;Beto;gw GNB;FW;Everton;25-274;1998;6;3;286;3.2;0.00;0.00;0.00;0.00;0.00;0.00;0.00;0.00;0.47;0.47;0.09;0.56;1.56;2.19;5.94;0.00;0.00;0.00;0.00;0.00;0.47;0.09;0.55;0.47;0.55;Matches
50;Jordan Beyer;de GER;DF;Burnley;23-166;2000;6;6;502;5.6;0.00;0.00;0.00;0.00;0.00;0.00;0.54;0.00;0.00;0.00;0.00;0.00;0.71;0.89;0.00;0.00;0.00;0.00;0.00;0.00;0.00;0.00;0.00;0.00;0.00;Matches
51;Philip Billing;dk DEN;MF;Bournemouth;27-143;1996;10;10;861;9.6;0.10;0.10;0.21;0.10;0.00;0.00;0.10;0.00;0.16;0.16;0.10;0.26;1.25;3.13;2.50;0.10;0.10;0.21;0.10;0.21;0.16;0.10;0.26;0.16;0.26;Matches
52;Yves Bissouma;ml MLI;MF;Tottenham;27-063;1996;9;9;719;8.0;0.00;0.00;0.00;0.00;0.00;0.00;0.75;0.13;0.11;0.11;0.04;0.14;3.13;8.00;0.63;0.00;0.00;0.00;0.00;0.00;0.11;0.03;0.14;0.11;0.14;Matches
53;Oscar Bobb;no NOR;MF,FW;Manchester City;20-112;2003;3;0;47;0.5;0.00;0.00;0.00;0.00;0.00;0.00;0.00;0.00;0.00;0.00;0.20;0.20;6.00;10.0;4.00;0.00;0.00;0.00;0.00;0.00;0.00;0.12;0.12;0.00;0.12;Matches
54;Jayden Bogle;eng ENG;DF;Sheffield Utd;23-097;2000;7;6;478;5.3;0.19;0.00;0.19;0.19;0.00;0.00;0.19;0.00;0.11;0.11;0.06;0.17;0.75;1.13;2.26;0.19;0.00;0.19;0.19;0.19;0.11;0.06;0.17;0.11;0.17;Matches
55;Willy Boly;ci CIV;DF;Nott'ham Forest;32-271;1991;9;9;753;8.4;0.12;0.00;0.12;0.12;0.00;0.00;0.12;0.00;0.13;0.13;0.11;0.23;0.24;2.02;0.12;0.12;0.00;0.12;0.12;0.12;0.13;0.10;0.23;0.13;0.23;Matches
56;Sven Botman;nl NED;DF;Newcastle Utd;23-293;2000;5;5;446;5.0;0.20;0.20;0.40;0.20;0.00;0.00;0.20;0.00;0.06;0.06;0.14;0.20;0.00;1.80;0.40;0.20;0.20;0.40;0.20;0.40;0.06;0.14;0.20;0.06;0.20;Matches
57;Jarrod Bowen;eng ENG;FW;West Ham;26-316;1996;10;10;899;10.0;0.60;0.10;0.70;0.60;0.00;0.00;0.10;0.00;0.41;0.41;0.10;0.50;2.40;1.50;5.20;0.60;0.10;0.70;0.60;0.70;0.41;0.10;0.50;0.41;0.50;Matches
58;Jarrad Branthwaite;eng ENG;DF;Everton;21-127;2002;8;8;720;8.0;0.00;0.00;0.00;0.00;0.00;0.00;0.38;0.00;0.03;0.03;0.01;0.04;0.00;2.25;0.13;0.00;0.00;0.00;0.00;0.00;0.03;0.01;0.04;0.03;0.04;Matches
59;Rhian Brewster;eng ENG;FW;Sheffield Utd;23-214;2000;4;1;121;1.3;0.00;0.00;0.00;0.00;0.00;0.00;0.00;0.00;0.00;0.00;0.08;0.08;0.77;0.77;6.15;0.00;0.00;0.00;0.00;0.00;0.02;0.04;0.07;0.02;0.07;Matches
60;Armando Broja;al ALB;FW;Chelsea;22-052;2001;3;2;121;1.3;0.77;0.00;0.77;0.77;0.00;0.00;0.00;0.00;0.38;0.38;0.00;0.38;3.08;1.54;6.92;0.74;0.00;0.74;0.74;0.74;0.40;0.00;0.40;0.40;0.40;Matches
61;Andre Brooks;eng ENG;MF,FW;Sheffield Utd;20-073;2003;2;0;21;0.2;0.00;0.00;0.00;0.00;0.00;0.00;0.00;0.00;0.00;0.00;0.00;0.00;0.00;0.00;10.0;0.00;0.00;0.00;0.00;0.00;0.00;0.00;0.00;0.00;0.00;Matches
62;David Brooks;wls WAL;FW,MF;Bournemouth;26-116;1997;8;2;229;2.5;0.40;0.00;0.40;0.40;0.00;0.00;0.40;0.00;0.60;0.60;0.24;0.84;2.00;6.40;7.20;0.39;0.00;0.39;0.39;0.39;0.58;0.23;0.81;0.58;0.81;Matches
63;Jacob Brown;sct SCO;FW,MF;Luton Town;25-205;1998;10;7;563;6.3;0.00;0.00;0.00;0.00;0.00;0.00;0.32;0.00;0.30;0.30;0.10;0.40;2.22;1.27;4.92;0.00;0.00;0.00;0.00;0.00;0.30;0.09;0.39;0.30;0.39;Matches
64;Josh Brownhill;eng ENG;MF;Burnley;27-317;1995;9;6;606;6.7;0.15;0.00;0.15;0.15;0.00;0.00;0.15;0.00;0.07;0.07;0.10;0.18;0.90;2.69;1.94;0.15;0.00;0.15;0.15;0.15;0.07;0.11;0.18;0.07;0.18;Matches
65;Jacob Bruun Larsen;dk DEN;FW,MF;Burnley;25-043;1998;9;0;179;2.0;0.50;0.00;0.50;0.50;0.00;0.00;0.00;0.00;0.25;0.25;0.05;0.30;5.00;2.00;11.5;0.50;0.00;0.50;0.50;0.50;0.23;0.07;0.29;0.23;0.29;Matches
66;Hugo Bueno;es ESP;DF;Wolves;21-044;2002;6;1;145;1.6;0.00;0.00;0.00;0.00;0.00;0.00;0.00;0.00;0.13;0.13;0.06;0.19;4.38;1.88;8.13;0.00;0.00;0.00;0.00;0.00;0.11;0.07;0.19;0.11;0.19;Matches
67;Facundo Buonanotte;ar ARG;FW,MF;Brighton;18-313;2004;2;1;65;0.7;0.00;0.00;0.00;0.00;0.00;0.00;0.00;0.00;0.14;0.14;0.29;0.43;0.00;2.86;4.29;0.00;0.00;0.00;0.00;0.00;0.15;0.23;0.38;0.15;0.38;Matches
68;Reece Burke;eng ENG;DF;Luton Town;27-060;1996;8;7;595;6.6;0.00;0.15;0.15;0.00;0.00;0.00;0.15;0.00;0.06;0.06;0.06;0.12;0.00;3.64;1.36;0.00;0.15;0.15;0.00;0.15;0.06;0.06;0.12;0.06;0.12;Matches
69;Dan Burn;eng ENG;DF;Newcastle Utd;31-176;1992;10;10;900;10.0;0.10;0.00;0.10;0.10;0.00;0.00;0.20;0.00;0.10;0.10;0.05;0.15;0.70;3.10;1.50;0.10;0.00;0.10;0.10;0.10;0.10;0.05;0.15;0.10;0.15;Matches
70;Mason Burstow;eng ENG;FW;Chelsea;20-089;2003;2;0;9;0.1;0.00;0.00;0.00;0.00;0.00;0.00;0.00;0.00;0.00;0.00;0.00;0.00;0.00;0.00;10.0;0.00;0.00;0.00;0.00;0.00;0.00;0.00;0.00;0.00;0.00;Matches
71;Moisés Caicedo;ec ECU;MF;Chelsea;21-364;2001;8;7;623;6.9;0.00;0.00;0.00;0.00;0.00;0.00;0.29;0.00;0.01;0.01;0.04;0.06;0.58;5.51;1.01;0.00;0.00;0.00;0.00;0.00;0.02;0.05;0.06;0.02;0.06;Matches
72;Tom Cairney;sct SCO;MF;Fulham;32-285;1991;8;2;170;1.9;0.00;0.00;0.00;0.00;0.00;0.00;0.00;0.00;0.05;0.05;0.32;0.42;1.05;6.84;2.63;0.00;0.00;0.00;0.00;0.00;0.08;0.33;0.40;0.08;0.40;Matches
73;Dominic Calvert-Lewin;eng ENG;FW;Everton;26-230;1997;7;5;410;4.6;0.65;0.00;0.65;0.65;0.00;0.00;0.00;0.00;0.61;0.61;0.04;0.65;1.96;1.30;5.00;0.66;0.00;0.66;0.66;0.66;0.61;0.03;0.65;0.61;0.65;Matches
74;Thomas Cannon;ie IRL;FW;Everton;20-308;2002;1;0;1;0.0;0;0;0;0;0;0;0;0;0.0;0.0;0.0;0.0;0;0;0;0.00;0.00;0.00;0.00;0.00;0.00;0.00;0.00;0.00;0.00;Matches
75;Diego Carlos;br BRA;DF;Aston Villa;30-231;1993;6;3;264;2.9;0.00;0.00;0.00;0.00;0.00;0.00;0.00;0.00;0.14;0.14;0.00;0.14;0.00;3.10;0.00;0.00;0.00;0.00;0.00;0.00;0.13;0.00;0.13;0.13;0.13;Matches
76;Casemiro;br BRA;MF;Manchester Utd;31-251;1992;8;8;648;7.2;0.14;0.00;0.14;0.14;0.00;0.00;0.14;0.00;0.25;0.25;0.04;0.29;1.11;7.64;3.33;0.14;0.00;0.14;0.14;0.14;0.25;0.04;0.29;0.25;0.29;Matches
77;Matty Cash;pl POL;DF,MF;Aston Villa;26-086;1997;10;10;875;9.7;0.21;0.10;0.31;0.21;0.00;0.00;0.31;0.00;0.30;0.30;0.10;0.40;2.47;2.58;3.30;0.21;0.10;0.31;0.21;0.31;0.30;0.10;0.40;0.30;0.40;Matches
78;Timothy Castagne;be BEL;DF;Fulham;27-331;1995;7;6;558;6.2;0.00;0.00;0.00;0.00;0.00;0.00;0.16;0.00;0.03;0.03;0.05;0.08;2.74;4.52;5.16;0.00;0.00;0.00;0.00;0.00;0.03;0.05;0.07;0.03;0.07;Matches
79;Jonny Castro;es ESP;MF;Wolves;29-243;1994;1;0;5;0.1;0.00;0.00;0.00;0.00;0.00;0.00;0.00;0.00;0.00;0.00;0.00;0.00;0.00;0.00;0.00;0.00;0.00;0.00;0.00;0.00;0.00;0.00;0.00;0.00;0.00;Matches
80;Julio César Enciso;py PAR;MF;Brighton;19-282;2004;2;1;69;0.8;0.00;2.50;2.50;0.00;0.00;0.00;1.25;0.00;0.25;0.25;0.87;1.13;6.25;0.00;6.25;0.00;2.61;2.61;0.00;2.61;0.26;0.96;1.22;0.26;1.22;Matches
81;Youssef Chermiti;pt POR;FW;Everton;19-161;2004;5;0;34;0.4;0.00;0.00;0.00;0.00;0.00;0.00;2.50;0.00;0.25;0.25;0.00;0.25;0.00;2.50;10.0;0.00;0.00;0.00;0.00;0.00;0.15;0.00;0.15;0.15;0.15;Matches
82;Ben Chilwell;eng ENG;DF,MF;Chelsea;26-315;1996;6;4;336;3.7;0.00;0.27;0.27;0.00;0.00;0.00;0.81;0.00;0.27;0.27;0.49;0.76;3.24;2.70;6.22;0.00;0.27;0.27;0.00;0.27;0.26;0.49;0.74;0.26;0.74;Matches
83;Tahith Chong;nl NED;MF;Luton Town;23-332;1999;8;5;469;5.2;0.00;0.00;0.00;0.00;0.00;0.00;0.38;0.00;0.08;0.08;0.00;0.08;1.73;3.27;3.65;0.00;0.00;0.00;0.00;0.00;0.07;0.00;0.07;0.07;0.07;Matches
84;Ryan Christie;sct SCO;MF;Bournemouth;28-252;1995;10;9;693;7.7;0.00;0.13;0.13;0.00;0.00;0.00;0.00;0.00;0.05;0.05;0.16;0.21;2.21;3.51;4.03;0.00;0.13;0.13;0.00;0.13;0.05;0.15;0.21;0.05;0.21;Matches
85;Carney Chukwuemeka;eng ENG;MF;Chelsea;20-012;2003;2;2;125;1.4;0.71;0.00;0.71;0.71;0.00;0.00;1.43;0.00;0.07;0.07;0.07;0.14;1.43;2.86;6.43;0.72;0.00;0.72;0.72;0.72;0.08;0.09;0.16;0.08;0.16;Matches
86;Nathaniel Clyne;eng ENG;DF;Crystal Palace;32-210;1991;2;1;111;1.2;0.00;0.00;0.00;0.00;0.00;0.00;0.00;0.00;0.00;0.00;0.00;0.00;0.00;1.67;2.50;0.00;0.00;0.00;0.00;0.00;0.03;0.00;0.03;0.03;0.03;Matches
87;Nathan Collins;ie IRL;DF;Brentford;22-185;2001;10;9;820;9.1;0.00;0.11;0.11;0.00;0.00;0.00;0.22;0.00;0.03;0.03;0.09;0.12;0.44;3.63;0.55;0.00;0.11;0.11;0.00;0.11;0.04;0.08;0.12;0.04;0.12;Matches
88;Levi Colwill;eng ENG;DF;Chelsea;20-248;2003;10;10;889;9.9;0.00;0.10;0.10;0.00;0.00;0.00;0.00;0.00;0.08;0.08;0.09;0.17;1.01;3.43;1.62;0.00;0.10;0.10;0.00;0.10;0.09;0.09;0.17;0.09;0.17;Matches
89;Lewis Cook;eng ENG;MF;Bournemouth;26-271;1997;7;6;523;5.8;0.00;0.00;0.00;0.00;0.00;0.00;0.00;0.17;0.02;0.02;0.03;0.05;0.52;3.28;0.34;0.00;0.00;0.00;0.00;0.00;0.01;0.04;0.05;0.01;0.05;Matches
90;Jack Cork;eng ENG;MF;Burnley;34-129;1989;1;0;17;0.2;0.00;0.00;0.00;0.00;0.00;0.00;0.00;0.00;0.00;0.00;0.00;0.00;10.0;5.00;5.00;0.00;0.00;0.00;0.00;0.00;0.00;0.00;0.00;0.00;0.00;Matches
91;Maxwel Cornet;ci CIV;MF;West Ham;27-035;1996;1;0;1;0.0;0;0;0;0;0;0;0;0;0.0;0.0;0.0;0.0;0;0;0;0.00;0.00;0.00;0.00;0.00;0.00;0.00;0.00;0.00;0.00;Matches
92;Vladimír Coufal;cz CZE;DF;West Ham;31-071;1992;10;10;896;10.0;0.00;0.40;0.40;0.00;0.00;0.00;0.00;0.00;0.00;0.00;0.11;0.11;2.90;3.90;2.80;0.00;0.40;0.40;0.00;0.40;0.00;0.11;0.11;0.00;0.11;Matches
93;Philippe Coutinho;br BRA;MF,FW;Aston Villa;31-142;1992;2;0;25;0.3;0.00;0.00;0.00;0.00;0.00;0.00;0.00;0.00;0.33;0.33;0.00;0.33;16.7;16.7;6.67;0.00;0.00;0.00;0.00;0.00;0.52;0.00;0.52;0.52;0.52;Matches
94;Aaron Cresswell;eng ENG;DF;West Ham;33-321;1989;1;1;84;0.9;0.00;0.00;0.00;0.00;0.00;0.00;0.00;0.00;0.00;0.00;0.11;0.11;1.11;8.89;1.11;0.00;0.00;0.00;0.00;0.00;0.00;0.11;0.11;0.00;0.11;Matches
95;Marc Cucurella;es ESP;DF;Chelsea;25-102;1998;4;4;350;3.9;0.00;0.00;0.00;0.00;0.00;0.00;0.77;0.00;0.15;0.15;0.03;0.18;1.28;3.08;4.10;0.00;0.00;0.00;0.00;0.00;0.15;0.02;0.17;0.15;0.17;Matches
96;Josh Cullen;ie IRL;MF;Burnley;27-208;1996;10;10;839;9.3;0.00;0.11;0.11;0.00;0.00;0.00;0.54;0.00;0.01;0.01;0.06;0.08;0.54;4.19;0.97;0.00;0.11;0.11;0.00;0.11;0.01;0.06;0.07;0.01;0.07;Matches
97;Matheus Cunha;br BRA;FW;Wolves;24-158;1999;10;10;801;8.9;0.22;0.11;0.34;0.22;0.00;0.00;0.11;0.00;0.33;0.33;0.15;0.47;3.48;2.25;3.82;0.22;0.11;0.34;0.22;0.34;0.32;0.15;0.47;0.32;0.47;Matches
98;Mahmoud Dahoud;de GER;MF;Brighton;27-304;1996;6;4;316;3.5;0.00;0.29;0.29;0.00;0.00;0.00;0.29;0.00;0.03;0.03;0.20;0.23;0.57;2.00;1.43;0.00;0.28;0.28;0.00;0.28;0.02;0.20;0.21;0.02;0.21;Matches
99;Ameen Al-Dakhil;be BEL;DF;Burnley;21-240;2002;10;10;855;9.5;0.00;0.00;0.00;0.00;0.00;0.00;0.11;0.00;0.02;0.02;0.01;0.03;0.63;3.05;0.21;0.00;0.00;0.00;0.00;0.00;0.02;0.01;0.03;0.02;0.03;Matches
100;Diogo Dalot;pt POR;DF;Manchester Utd;24-228;1999;9;8;745;8.3;0.12;0.00;0.12;0.12;0.00;0.00;0.12;0.00;0.04;0.04;0.07;0.11;2.41;4.70;4.22;0.12;0.00;0.12;0.12;0.12;0.03;0.07;0.10;0.03;0.10;Matches
101;Mikkel Damsgaard;dk DEN;MF,FW;Brentford;23-121;2000;2;0;54;0.6;0.00;0.00;0.00;0.00;0.00;0.00;0.00;0.00;0.17;0.17;0.00;0.17;0.00;6.67;0.00;0.00;0.00;0.00;0.00;0.00;0.12;0.00;0.12;0.12;0.12;Matches
102;Danilo;br BRA;MF,FW;Nott'ham Forest;22-186;2001;4;4;283;3.1;0.00;0.00;0.00;0.00;0.00;0.00;0.00;0.00;0.06;0.06;0.03;0.06;0.97;2.26;2.26;0.00;0.00;0.00;0.00;0.00;0.05;0.02;0.07;0.05;0.07;Matches
103;Arnaut Danjuma;nl NED;FW,MF;Everton;26-274;1997;8;3;373;4.1;0.24;0.00;0.24;0.24;0.00;0.00;0.00;0.00;0.44;0.44;0.07;0.54;3.17;0.98;6.59;0.24;0.00;0.24;0.24;0.24;0.45;0.08;0.53;0.45;0.53;Matches
104;Josh Dasilva;eng ENG;MF;Brentford;25-009;1998;1;0;10;0.1;0.00;0.00;0.00;0.00;0.00;0.00;0.00;0.00;0.00;0.00;0.00;0.00;0.00;0.00;0.00;0.00;0.00;0.00;0.00;0.00;0.00;0.00;0.00;0.00;0.00;Matches
105;Ben Davies;wls WAL;DF;Tottenham;30-191;1993;5;1;92;1.0;0.00;0.00;0.00;0.00;0.00;0.00;0.00;0.00;0.60;0.60;0.00;0.60;0.00;10.0;5.00;0.00;0.00;0.00;0.00;0.00;0.54;0.00;0.54;0.54;0.54;Matches
106;Tom Davies;eng ENG;MF;Sheffield Utd;25-124;1998;3;0;60;0.7;0.00;0.00;0.00;0.00;0.00;0.00;1.43;0.00;0.14;0.14;0.14;0.29;4.29;5.71;1.43;0.00;0.00;0.00;0.00;0.00;0.14;0.11;0.25;0.14;0.25;Matches
107;Craig Dawson;eng ENG;DF;Wolves;33-179;1990;10;10;880;9.8;0.00;0.00;0.00;0.00;0.00;0.00;0.31;0.00;0.07;0.07;0.06;0.13;0.10;2.45;0.20;0.00;0.00;0.00;0.00;0.00;0.07;0.06;0.13;0.07;0.13;Matches
108;Kevin De Bruyne;be BEL;MF;Manchester City;32-126;1991;1;1;22;0.2;0.00;0.00;0.00;0.00;0.00;0.00;0.00;0.00;0.00;0.00;1.00;1.00;0.00;5.00;15.0;0.00;0.00;0.00;0.00;0.00;0.08;0.83;0.91;0.08;0.91;Matches
109;Hannes Delcroix;be BEL;DF;Burnley;24-246;1999;6;2;241;2.7;0.00;0.00;0.00;0.00;0.00;0.00;0.37;0.00;0.15;0.15;0.04;0.19;0.37;2.59;0.00;0.00;0.00;0.00;0.00;0.00;0.13;0.05;0.19;0.13;0.19;Matches
110;Leander Dendoncker;be BEL;MF,FW;Aston Villa;28-200;1995;3;0;3;0.0;0;0;0;0;0;0;0;0;0.0;0.0;0.0;0.0;0;0;0;0.00;0.00;0.00;0.00;0.00;0.00;0.00;0.00;0.00;0.00;Matches
111;Moussa Diaby;fr FRA;MF,FW;Aston Villa;24-117;1999;10;10;793;8.8;0.34;0.34;0.68;0.34;0.00;0.00;0.00;0.00;0.22;0.22;0.37;0.59;3.98;3.64;7.05;0.34;0.34;0.68;0.34;0.68;0.22;0.37;0.59;0.22;0.59;Matches
112;Rúben Dias;pt POR;DF;Manchester City;26-171;1997;9;8;736;8.2;0.00;0.00;0.00;0.00;0.00;0.00;0.00;0.00;0.05;0.05;0.00;0.05;1.83;6.46;0.73;0.00;0.00;0.00;0.00;0.00;0.05;0.00;0.05;0.05;0.05;Matches
113;Luis Díaz;co COL;FW,MF;Liverpool;26-292;1997;9;8;624;6.9;0.29;0.00;0.29;0.29;0.00;0.00;0.00;0.00;0.38;0.38;0.10;0.48;3.48;2.75;9.71;0.29;0.00;0.29;0.29;0.29;0.38;0.10;0.48;0.38;0.48;Matches
114;Lucas Digne;fr FRA;DF;Aston Villa;30-104;1993;10;10;890;9.9;0.00;0.20;0.20;0.00;0.00;0.00;0.40;0.00;0.02;0.02;0.16;0.18;1.41;3.03;9.49;0.00;0.20;0.20;0.00;0.20;0.02;0.16;0.18;0.02;0.18;Matches
115;Issa Diop;fr FRA;DF;Fulham;26-296;1997;8;8;700;7.8;0.00;0.00;0.00;0.00;0.00;0.00;0.26;0.00;0.03;0.03;0.00;0.03;1.15;5.77;0.00;0.00;0.00;0.00;0.00;0.00;0.02;0.00;0.02;0.02;0.02;Matches
116;Axel Disasi;fr FRA;DF;Chelsea;25-235;1998;9;9;786;8.7;0.11;0.00;0.11;0.11;0.00;0.00;0.23;0.00;0.09;0.09;0.02;0.11;1.03;5.29;0.80;0.11;0.00;0.11;0.11;0.11;0.09;0.02;0.11;0.09;0.11;Matches
117;Ben Doak;sct SCO;FW;Liverpool;17-355;2005;1;0;14;0.2;0.00;0.00;0.00;0.00;0.00;0.00;0.00;0.00;0.00;0.00;0.00;0.00;0.00;0.00;0.00;0.00;0.00;0.00;0.00;0.00;0.00;0.00;0.00;0.00;0.00;Matches
118;Lewis Dobbin;eng ENG;MF;Everton;20-302;2003;3;1;118;1.3;0.00;0.00;0.00;0.00;0.00;0.00;0.00;0.00;0.08;0.08;0.00;0.08;3.85;0.00;4.62;0.00;0.00;0.00;0.00;0.00;0.05;0.02;0.07;0.05;0.07;Matches
119;Matt Doherty;ie IRL;MF,FW;Wolves;31-289;1992;5;1;228;2.5;0.00;0.00;0.00;0.00;0.00;0.00;0.00;0.00;0.08;0.08;0.20;0.28;0.40;1.20;5.60;0.00;0.00;0.00;0.00;0.00;0.06;0.20;0.26;0.06;0.26;Matches
120;Jeremy Doku;be BEL;FW;Manchester City;21-158;2002;7;5;405;4.5;0.22;0.22;0.44;0.22;0.00;0.00;0.22;0.00;0.09;0.09;0.29;0.38;11.3;2.22;15.3;0.22;0.22;0.44;0.22;0.44;0.08;0.29;0.37;0.08;0.37;Matches
121;Nicolás Domínguez;ar ARG;MF;Nott'ham Forest;25-126;1998;5;5;404;4.5;0.22;0.00;0.22;0.22;0.00;0.00;0.22;0.00;0.04;0.04;0.00;0.04;0.67;6.00;3.33;0.22;0.00;0.22;0.22;0.22;0.05;0.00;0.05;0.05;0.05;Matches
122;Gabriel Dos Santos;br BRA;DF;Arsenal;25-317;1997;8;6;566;6.3;0.00;0.00;0.00;0.00;0.00;0.00;0.16;0.00;0.03;0.03;0.00;0.03;0.16;3.49;0.48;0.00;0.00;0.00;0.00;0.00;0.03;0.00;0.03;0.03;0.03;Matches
123;Abdoulaye Doucouré;ml MLI;FW,MF;Everton;30-304;1993;10;10;856;9.5;0.32;0.00;0.32;0.32;0.00;0.00;0.11;0.00;0.35;0.35;0.17;0.52;2.42;2.95;6.00;0.32;0.00;0.32;0.32;0.32;0.35;0.17;0.51;0.35;0.51;Matches
124;Cheick Doucouré;ml MLI;MF;Crystal Palace;23-297;2000;9;9;809;9.0;0.00;0.00;0.00;0.00;0.00;0.00;0.22;0.00;0.03;0.03;0.07;0.10;0.89;4.56;0.33;0.00;0.00;0.00;0.00;0.00;0.03;0.07;0.10;0.03;0.10;Matches
125;Alfie Doughty;eng ENG;DF,MF;Luton Town;23-315;1999;10;7;643;7.1;0.00;0.14;0.14;0.00;0.00;0.00;0.14;0.00;0.03;0.03;0.23;0.27;1.97;3.80;5.21;0.00;0.14;0.14;0.00;0.14;0.03;0.23;0.26;0.03;0.26;Matches
126;Tommy Doyle;eng ENG;MF;Wolves;22-015;2001;4;0;97;1.1;0.00;0.00;0.00;0.00;0.00;0.00;0.00;0.00;0.00;0.00;0.00;0.00;2.73;11.8;2.73;0.00;0.00;0.00;0.00;0.00;0.00;0.02;0.02;0.00;0.02;Matches
127;Lewis Dunk;eng ENG;DF;Brighton;31-345;1991;10;10;900;10.0;0.10;0.00;0.10;0.10;0.00;0.00;0.20;0.00;0.14;0.14;0.01;0.15;1.60;5.50;0.30;0.10;0.00;0.10;0.10;0.10;0.14;0.01;0.15;0.14;0.15;Matches
128;Jhon Durán;co COL;FW,MF;Aston Villa;19-323;2003;6;0;73;0.8;2.50;0.00;2.50;2.50;0.00;0.00;2.50;0.00;0.87;0.87;0.00;0.87;5.00;2.50;5.00;2.47;0.00;2.47;2.47;2.47;0.90;0.02;0.91;0.90;0.91;Matches
129;Ederson;br BRA;GK;Manchester City;30-076;1993;9;9;810;9.0;0.00;0.00;0.00;0.00;0.00;0.00;0.22;0.00;0.00;0.00;0.01;0.01;0.00;0.11;0.00;0.00;0.00;0.00;0.00;0.00;0.00;0.01;0.01;0.00;0.01;Matches
130;Odsonne Édouard;fr FRA;FW,MF;Crystal Palace;25-289;1998;9;9;775;8.6;0.47;0.00;0.47;0.47;0.00;0.00;0.12;0.00;0.34;0.34;0.06;0.40;1.86;1.98;4.88;0.46;0.00;0.46;0.46;0.46;0.34;0.06;0.40;0.34;0.40;Matches
131;John Egan;ie IRL;DF;Sheffield Utd;31-012;1992;6;6;482;5.4;0.00;0.00;0.00;0.00;0.00;0.00;0.37;0.00;0.04;0.04;0.00;0.04;0.00;0.93;0.19;0.00;0.00;0.00;0.00;0.00;0.03;0.00;0.03;0.03;0.03;Matches
132;Anthony Elanga;se SWE;FW,MF;Nott'ham Forest;21-188;2002;10;4;475;5.3;0.19;0.57;0.75;0.19;0.00;0.00;0.00;0.00;0.19;0.19;0.36;0.55;4.72;2.26;8.49;0.19;0.57;0.76;0.19;0.76;0.19;0.35;0.55;0.19;0.55;Matches
133;Harvey Elliott;eng ENG;MF;Liverpool;20-211;2003;8;1;229;2.5;0.00;0.00;0.00;0.00;0.00;0.00;0.40;0.00;0.12;0.12;0.04;0.16;4.00;8.00;8.00;0.00;0.00;0.00;0.00;0.00;0.11;0.03;0.14;0.11;0.14;Matches
134;Mohamed Elneny;eg EGY;MF;Arsenal;31-113;1992;1;0;2;0.0;0;0;0;0;0;0;0;0;0.0;0.0;0.0;0.0;0;0;0;0.00;0.00;0.00;0.00;0.00;0.00;0.00;0.00;0.00;0.00;Matches
135;Emerson;br BRA;DF;Tottenham;24-291;1999;7;1;194;2.2;0.45;0.00;0.45;0.45;0.00;0.00;0.00;0.00;0.05;0.05;0.00;0.05;5.00;4.55;2.27;0.46;0.00;0.46;0.46;0.46;0.02;0.00;0.02;0.02;0.02;Matches
136;Wataru Endo;jp JPN;MF,FW;Liverpool;30-265;1993;6;1;121;1.3;0.00;0.00;0.00;0.00;0.00;0.00;0.00;0.00;0.00;0.00;0.00;0.00;0.00;3.85;0.77;0.00;0.00;0.00;0.00;0.00;0.00;0.00;0.00;0.00;0.00;Matches
137;Christian Eriksen;dk DEN;MF;Manchester Utd;31-260;1992;9;4;490;5.4;0.19;0.19;0.37;0.19;0.00;0.00;0.00;0.00;0.07;0.07;0.17;0.26;2.41;5.00;2.78;0.18;0.18;0.37;0.18;0.37;0.08;0.17;0.25;0.08;0.25;Matches
138;Pervis Estupiñán;ec ECU;DF;Brighton;25-284;1998;6;6;495;5.5;0.18;0.55;0.73;0.18;0.00;0.00;0.36;0.00;0.16;0.16;0.51;0.65;4.00;7.45;6.55;0.18;0.55;0.73;0.18;0.73;0.16;0.50;0.66;0.16;0.66;Matches
139;Jonny Evans;nir NIR;DF;Manchester Utd;35-302;1988;5;4;358;4.0;0.00;0.25;0.25;0.00;0.00;0.00;0.25;0.00;0.00;0.00;0.05;0.05;0.25;2.50;0.00;0.00;0.25;0.25;0.00;0.25;0.00;0.04;0.04;0.00;0.04;Matches
140;Eberechi Eze;eng ENG;MF,FW;Crystal Palace;25-125;1998;7;7;627;7.0;0.14;0.00;0.14;0.14;0.00;0.00;0.14;0.00;0.33;0.33;0.19;0.53;3.00;3.43;5.86;0.14;0.00;0.14;0.14;0.14;0.33;0.19;0.53;0.33;0.53;Matches
141;Ansu Fati;es ESP;MF,FW;Brighton;21-001;2002;6;0;177;2.0;1.00;0.00;1.00;1.00;0.00;0.00;0.50;0.00;1.10;1.10;0.20;1.25;3.50;8.50;5.50;1.02;0.00;1.02;1.02;1.02;1.10;0.18;1.28;1.10;1.28;Matches
142;Evan Ferguson;ie IRL;FW;Brighton;19-013;2004;10;6;514;5.7;0.88;0.00;0.88;0.88;0.00;0.00;0.00;0.00;0.47;0.47;0.07;0.54;1.23;1.58;3.33;0.88;0.00;0.88;0.88;0.88;0.47;0.07;0.55;0.47;0.55;Matches
143;Bruno Fernandes;pt POR;MF,FW;Manchester Utd;29-054;1994;10;10;900;10.0;0.20;0.20;0.40;0.10;0.10;0.10;0.40;0.00;0.29;0.21;0.37;0.59;1.30;9.30;5.80;0.20;0.20;0.40;0.10;0.30;0.29;0.37;0.67;0.21;0.59;Matches
144;Enzo Fernández;ar ARG;MF;Chelsea;22-288;2001;9;9;776;8.6;0.00;0.00;0.00;0.00;0.00;0.12;0.35;0.00;0.27;0.17;0.13;0.30;2.79;10.1;2.79;0.00;0.00;0.00;0.00;0.00;0.26;0.13;0.39;0.17;0.30;Matches
145;John Fleck;sct SCO;MF;Sheffield Utd;32-069;1991;1;0;20;0.2;0.00;0.00;0.00;0.00;0.00;0.00;0.00;0.00;0.00;0.00;0.00;0.00;10.0;0.00;0.00;0.00;0.00;0.00;0.00;0.00;0.00;0.00;0.00;0.00;0.00;Matches
146;Mark Flekken;nl NED;GK;Brentford;30-141;1993;9;9;810;9.0;0.00;0.00;0.00;0.00;0.00;0.00;0.11;0.00;0.00;0.00;0.00;0.00;0.00;0.11;0.00;0.00;0.00;0.00;0.00;0.00;0.00;0.00;0.00;0.00;0.00;Matches
147;Phil Foden;eng ENG;FW,MF;Manchester City;23-157;2000;10;9;786;8.7;0.23;0.34;0.57;0.23;0.00;0.00;0.11;0.00;0.28;0.28;0.20;0.48;2.07;5.06;7.82;0.23;0.34;0.57;0.23;0.57;0.28;0.20;0.48;0.28;0.48;Matches
148;Wes Foderingham;eng ENG;GK;Sheffield Utd;32-291;1991;10;10;900;10.0;0.00;0.00;0.00;0.00;0.00;0.00;0.10;0.00;0.00;0.00;0.00;0.00;0.00;0.00;0.00;0.00;0.00;0.00;0.00;0.00;0.00;0.00;0.00;0.00;0.00;Matches
149;Pablo Fornals;es ESP;MF,FW;West Ham;27-252;1996;7;1;145;1.6;0.00;0.00;0.00;0.00;0.00;0.00;0.00;0.00;0.13;0.13;0.06;0.19;1.25;5.63;6.25;0.00;0.00;0.00;0.00;0.00;0.15;0.07;0.22;0.15;0.22;Matches
150;Lyle Foster;za RSA;FW,MF;Burnley;23-059;2000;7;7;607;6.7;0.45;0.30;0.75;0.45;0.00;0.00;0.00;0.15;0.24;0.24;0.18;0.40;2.69;1.04;4.33;0.44;0.30;0.74;0.44;0.74;0.23;0.17;0.40;0.23;0.40;Matches
151;Matheus França;br BRA;FW,MF;Crystal Palace;19-214;2004;2;0;33;0.4;0.00;0.00;0.00;0.00;0.00;0.00;0.00;0.00;0.25;0.25;0.75;1.00;2.50;2.50;5.00;0.00;0.00;0.00;0.00;0.00;0.22;0.85;1.08;0.22;1.08;Matches
152;Cody Gakpo;nl NED;FW,MF;Liverpool;24-178;1999;8;5;353;3.9;0.51;0.00;0.51;0.51;0.00;0.00;0.00;0.00;0.49;0.49;0.05;0.54;1.79;4.62;6.67;0.51;0.00;0.51;0.51;0.51;0.48;0.05;0.54;0.48;0.54;Matches
153;Conor Gallagher;eng ENG;MF;Chelsea;23-268;2000;10;10;855;9.5;0.00;0.21;0.21;0.00;0.00;0.00;0.11;0.00;0.07;0.07;0.12;0.19;1.89;5.47;3.47;0.00;0.21;0.21;0.00;0.21;0.08;0.11;0.19;0.08;0.19;Matches
154;Idrissa Gana Gueye;sn SEN;MF;Everton;34-036;1989;7;7;539;6.0;0.00;0.00;0.00;0.00;0.00;0.00;0.17;0.00;0.05;0.05;0.08;0.13;2.17;4.17;1.67;0.00;0.00;0.00;0.00;0.00;0.05;0.08;0.13;0.05;0.13;Matches
155;Alejandro Garnacho;ar ARG;FW,MF;Manchester Utd;19-123;2004;8;2;248;2.8;0.00;0.00;0.00;0.00;0.00;0.00;0.00;0.00;0.21;0.21;0.11;0.32;7.14;2.86;12.1;0.00;0.00;0.00;0.00;0.00;0.23;0.10;0.34;0.23;0.34;Matches
156;James Garner;eng ENG;MF;Everton;22-233;2001;10;9;797;8.9;0.11;0.11;0.22;0.11;0.00;0.00;0.11;0.00;0.12;0.12;0.21;0.34;1.46;3.26;2.92;0.11;0.11;0.23;0.11;0.23;0.12;0.21;0.34;0.12;0.34;Matches
157;Saman Ghoddos;ir IRN;DF,MF;Brentford;30-056;1993;5;0;62;0.7;1.43;0.00;1.43;1.43;0.00;0.00;4.29;0.00;0.14;0.14;0.43;0.57;5.71;10.0;2.86;1.45;0.00;1.45;1.45;1.45;0.15;0.48;0.62;0.15;0.62;Matches
158;Morgan Gibbs-White;eng ENG;MF,FW;Nott'ham Forest;23-278;2000;10;9;833;9.3;0.00;0.11;0.11;0.00;0.00;0.00;0.32;0.00;0.13;0.13;0.22;0.35;2.58;3.98;5.48;0.00;0.11;0.11;0.00;0.11;0.13;0.22;0.35;0.13;0.35;Matches
159;Bryan Gil;es ESP;MF;Tottenham;22-263;2001;1;0;2;0.0;0;0;0;0;0;0;0;0;0.0;0.0;0.0;0.0;0;0;1;0.00;0.00;0.00;0.00;0.00;0.00;0.00;0.00;0.00;0.00;Matches
160;Billy Gilmour;sct SCO;MF;Brighton;22-143;2001;9;5;481;5.3;0.00;0.19;0.19;0.00;0.00;0.00;0.19;0.00;0.06;0.06;0.28;0.34;1.32;7.55;1.89;0.00;0.19;0.19;0.00;0.19;0.06;0.27;0.34;0.06;0.34;Matches
161;Ben Godfrey;eng ENG;DF;Everton;25-290;1998;1;0;1;0.0;0;0;0;0;0;0;0;0;0.0;0.0;0.0;0.0;0;0;0;0.00;0.00;0.00;0.00;0.00;0.00;0.00;0.00;0.00;0.00;Matches
162;João Gomes;br BRA;MF;Wolves;22-262;2001;10;9;675;7.5;0.00;0.00;0.00;0.00;0.00;0.00;0.40;0.00;0.03;0.03;0.04;0.05;0.67;2.67;0.67;0.00;0.00;0.00;0.00;0.00;0.02;0.04;0.06;0.02;0.06;Matches
163;Toti Gomes;pt POR;DF;Wolves;24-289;1999;7;4;415;4.6;0.00;0.22;0.22;0.00;0.00;0.00;0.00;0.00;0.00;0.00;0.07;0.07;1.09;2.83;0.00;0.00;0.22;0.22;0.00;0.22;0.00;0.08;0.08;0.00;0.08;Matches
164;Joe Gomez;eng ENG;DF;Liverpool;26-162;1997;9;4;439;4.9;0.00;0.00;0.00;0.00;0.00;0.00;0.20;0.00;0.02;0.02;0.04;0.06;1.84;5.10;4.29;0.00;0.00;0.00;0.00;0.00;0.02;0.04;0.06;0.02;0.06;Matches
165;Sergio Gómez;es ESP;FW;Manchester City;23-058;2000;2;0;16;0.2;0.00;5.00;5.00;0.00;0.00;0.00;0.00;0.00;0.00;0.00;1.00;1.00;15.0;5.00;10.0;0.00;5.63;5.63;0.00;5.63;0.00;1.06;1.06;0.00;1.06;Matches
166;Anthony Gordon;eng ENG;FW;Newcastle Utd;22-250;2001;9;8;701;7.8;0.38;0.26;0.64;0.38;0.00;0.00;0.64;0.00;0.32;0.32;0.22;0.54;4.74;2.82;7.44;0.39;0.26;0.64;0.39;0.64;0.33;0.21;0.54;0.33;0.54;Matches
167;Ryan Gravenberch;nl NED;MF;Liverpool;21-169;2002;6;2;190;2.1;0.00;0.00;0.00;0.00;0.00;0.00;0.00;0.00;0.38;0.38;0.00;0.38;2.86;6.19;6.19;0.00;0.00;0.00;0.00;0.00;0.36;0.01;0.37;0.36;0.37;Matches
168;Jack Grealish;eng ENG;FW;Manchester City;28-052;1995;6;3;297;3.3;0.00;0.30;0.30;0.00;0.00;0.00;0.61;0.00;0.18;0.18;0.30;0.48;6.97;4.24;13.6;0.00;0.30;0.30;0.00;0.30;0.17;0.30;0.48;0.17;0.48;Matches
169;Pascal Groß;de GER;MF;Brighton;32-139;1991;8;8;708;7.9;0.25;0.13;0.38;0.25;0.00;0.00;0.13;0.00;0.18;0.18;0.16;0.33;1.65;7.85;4.81;0.25;0.13;0.38;0.25;0.38;0.17;0.16;0.34;0.17;0.34;Matches
170;Marc Guéhi;eng ENG;DF;Crystal Palace;23-111;2000;9;9;809;9.0;0.00;0.00;0.00;0.00;0.00;0.00;0.00;0.00;0.07;0.07;0.01;0.08;0.78;2.33;0.11;0.00;0.00;0.00;0.00;0.00;0.07;0.01;0.08;0.07;0.08;Matches
171;Bruno Guimarães;br BRA;MF;Newcastle Utd;25-350;1997;10;10;862;9.6;0.10;0.10;0.21;0.10;0.00;0.00;0.42;0.00;0.10;0.10;0.13;0.22;1.88;6.77;1.46;0.10;0.10;0.21;0.10;0.21;0.10;0.12;0.22;0.10;0.22;Matches
172;Malo Gusto;fr FRA;DF;Chelsea;20-166;2003;7;6;500;5.6;0.00;0.36;0.36;0.00;0.00;0.00;0.00;0.18;0.02;0.02;0.11;0.13;4.64;4.11;6.79;0.00;0.36;0.36;0.00;0.36;0.02;0.10;0.12;0.02;0.12;Matches
173;Joško Gvardiol;hr CRO;DF;Manchester City;21-282;2002;8;7;641;7.1;0.00;0.00;0.00;0.00;0.00;0.00;0.14;0.00;0.03;0.03;0.10;0.13;2.54;5.63;2.11;0.00;0.00;0.00;0.00;0.00;0.03;0.09;0.12;0.03;0.12;Matches
174;Erling Haaland;no NOR;FW;Manchester City;23-103;2000;10;10;888;9.9;1.11;0.20;1.31;0.91;0.20;0.30;0.00;0.00;1.03;0.79;0.25;1.05;0.71;0.71;4.04;1.11;0.20;1.32;0.91;1.11;1.03;0.26;1.29;0.79;1.05;Matches
175;Antwoine Hackford;eng ENG;FW;Sheffield Utd;19-226;2004;2;0;13;0.1;0.00;0.00;0.00;0.00;0.00;0.00;0.00;0.00;0.00;0.00;0.00;0.00;0.00;0.00;0.00;0.00;0.00;0.00;0.00;0.00;0.00;0.00;0.00;0.00;0.00;Matches
176;Lewis Hall;eng ENG;DF;Newcastle Utd;19-054;2004;1;0;10;0.1;0.00;0.00;0.00;0.00;0.00;0.00;0.00;0.00;0.00;0.00;0.00;0.00;0.00;0.00;0.00;0.00;0.00;0.00;0.00;0.00;0.00;0.00;0.00;0.00;0.00;Matches
177;Gustavo Hamer;nl NED;MF,FW;Sheffield Utd;26-130;1997;9;9;723;8.0;0.25;0.00;0.25;0.25;0.00;0.00;0.13;0.00;0.09;0.09;0.09;0.17;1.13;4.13;2.13;0.25;0.00;0.25;0.25;0.25;0.09;0.08;0.17;0.09;0.17;Matches
178;Luke Harris;wls WAL;MF;Fulham;18-212;2005;1;0;75;0.8;0.00;0.00;0.00;0.00;0.00;0.00;0.00;0.00;0.37;0.37;0.00;0.37;0.00;1.25;0.00;0.00;0.00;0.00;0.00;0.00;0.33;0.00;0.33;0.33;0.33;Matches
179;Jack Harrison;eng ENG;MF;Everton;26-346;1996;4;3;257;2.9;0.34;0.69;1.03;0.34;0.00;0.00;0.00;0.00;0.17;0.17;0.28;0.41;3.10;2.07;3.45;0.35;0.70;1.05;0.35;1.05;0.16;0.27;0.43;0.16;0.43;Matches
180;Kai Havertz;de GER;MF,FW;Arsenal;24-143;1999;10;6;566;6.3;0.16;0.16;0.32;0.00;0.16;0.16;0.48;0.00;0.29;0.16;0.11;0.27;1.43;3.97;5.56;0.16;0.16;0.32;0.00;0.16;0.28;0.11;0.39;0.16;0.27;Matches
181;Jan Paul van Hecke;nl NED;DF;Brighton;23-146;2000;5;3;299;3.3;0.00;0.00;0.00;0.00;0.00;0.00;0.30;0.00;0.00;0.00;0.00;0.00;0.30;3.94;0.00;0.00;0.00;0.00;0.00;0.00;0.00;0.00;0.00;0.00;0.00;Matches
182;Hwang Hee-chan;kr KOR;FW,MF;Wolves;27-279;1996;10;7;594;6.6;0.91;0.15;1.06;0.91;0.00;0.00;0.45;0.00;0.32;0.32;0.20;0.52;2.12;2.42;5.30;0.91;0.15;1.06;0.91;1.06;0.32;0.19;0.51;0.32;0.51;Matches
183;Rico Henry;eng ENG;DF;Brentford;26-116;1997;5;5;401;4.5;0.00;0.22;0.22;0.00;0.00;0.00;0.22;0.00;0.02;0.02;0.22;0.24;2.89;4.44;2.67;0.00;0.22;0.22;0.00;0.22;0.02;0.22;0.24;0.02;0.24;Matches
184;Son Heung-min;kr KOR;FW;Tottenham;31-116;1992;10;10;796;8.8;0.91;0.11;1.02;0.91;0.00;0.00;0.00;0.00;0.49;0.49;0.27;0.76;2.27;4.20;9.66;0.90;0.11;1.02;0.90;1.02;0.49;0.27;0.75;0.49;0.75;Matches
185;Aaron Hickey;sct SCO;DF;Brentford;21-144;2002;9;9;713;7.9;0.00;0.00;0.00;0.00;0.00;0.00;0.63;0.00;0.03;0.03;0.01;0.04;1.14;2.66;1.65;0.00;0.00;0.00;0.00;0.00;0.03;0.01;0.04;0.03;0.04;Matches
186;James Hill;eng ENG;DF;Bournemouth;21-295;2002;1;0;16;0.2;0.00;0.00;0.00;0.00;0.00;0.00;0.00;0.00;0.00;0.00;0.00;0.00;0.00;15.0;5.00;0.00;0.00;0.00;0.00;0.00;0.00;0.00;0.00;0.00;0.00;Matches
187;Jack Hinshelwood;eng ENG;MF;Brighton;18-204;2005;1;1;85;0.9;0.00;0.00;0.00;0.00;0.00;0.00;0.00;0.00;0.00;0.00;0.11;0.11;1.11;3.33;1.11;0.00;0.00;0.00;0.00;0.00;0.00;0.08;0.08;0.00;0.08;Matches
188;Callum Hudson-Odoi;eng ENG;FW;Nott'ham Forest;22-359;2000;4;3;229;2.5;0.40;0.00;0.40;0.40;0.00;0.00;0.00;0.00;0.04;0.04;0.08;0.16;7.20;3.20;10.0;0.39;0.00;0.39;0.39;0.39;0.05;0.09;0.14;0.05;0.14;Matches
189;Will Hughes;eng ENG;MF;Crystal Palace;28-198;1995;7;6;499;5.5;0.00;0.00;0.00;0.00;0.00;0.00;0.36;0.00;0.04;0.04;0.09;0.13;0.91;3.27;0.73;0.00;0.00;0.00;0.00;0.00;0.03;0.09;0.12;0.03;0.12;Matches
190;Pierre Højbjerg;dk DEN;MF;Tottenham;28-088;1995;9;1;246;2.7;0.00;0.00;0.00;0.00;0.00;0.00;1.11;0.00;0.04;0.04;0.00;0.04;0.37;8.15;2.96;0.00;0.00;0.00;0.00;0.00;0.04;0.00;0.04;0.04;0.04;Matches
191;Rasmus Højlund;dk DEN;FW;Manchester Utd;20-270;2003;7;6;491;5.5;0.00;0.00;0.00;0.00;0.00;0.00;0.00;0.00;0.25;0.25;0.05;0.29;1.27;1.27;6.18;0.00;0.00;0.00;0.00;0.00;0.25;0.05;0.30;0.25;0.30;Matches
192;Igor;br BRA;DF;Brighton;25-267;1998;3;3;242;2.7;0.00;0.00;0.00;0.00;0.00;0.00;0.37;0.00;0.04;0.04;0.07;0.11;1.48;4.07;0.00;0.00;0.00;0.00;0.00;0.00;0.02;0.08;0.10;0.02;0.10;Matches
193;Danny Ings;eng ENG;FW,DF;West Ham;31-101;1992;7;0;49;0.5;0.00;0.00;0.00;0.00;0.00;0.00;0.00;0.00;0.20;0.20;0.00;0.20;0.00;2.00;14.0;0.00;0.00;0.00;0.00;0.00;0.23;0.00;0.23;0.23;0.23;Matches
194;Alexander Isak;se SWE;FW;Newcastle Utd;24-041;1999;8;6;492;5.5;1.09;0.00;1.09;0.91;0.18;0.18;0.00;0.00;0.98;0.84;0.05;0.89;2.36;1.82;4.36;1.10;0.00;1.10;0.91;0.91;0.99;0.05;1.04;0.84;0.90;Matches
195;Alex Iwobi;ng NGA;MF;Everton;27-182;1996;2;2;140;1.6;0.00;0.00;0.00;0.00;0.00;0.00;0.00;0.00;0.19;0.19;0.13;0.31;3.75;2.50;5.00;0.00;0.00;0.00;0.00;0.00;0.21;0.14;0.35;0.21;0.35;Matches
196;Alex Iwobi;ng NGA;MF,FW;Fulham;27-182;1996;6;2;294;3.3;0.00;0.00;0.00;0.00;0.00;0.00;0.00;0.00;0.12;0.12;0.12;0.24;2.12;6.06;4.24;0.00;0.00;0.00;0.00;0.00;0.13;0.11;0.24;0.13;0.24;Matches
197;Nicolas Jackson;sn SEN;FW;Chelsea;22-134;2001;9;7;669;7.4;0.27;0.00;0.27;0.27;0.00;0.00;0.68;0.00;0.57;0.57;0.08;0.65;2.57;1.76;7.30;0.27;0.00;0.27;0.27;0.27;0.57;0.08;0.65;0.57;0.65;Matches
198;Reece James;eng ENG;DF,FW;Chelsea;23-328;1999;3;1;106;1.2;0.00;0.00;0.00;0.00;0.00;0.00;0.00;0.00;0.08;0.08;0.50;0.58;6.67;9.17;14.2;0.00;0.00;0.00;0.00;0.00;0.09;0.54;0.62;0.09;0.62;Matches
199;Vitaly Janelt;de GER;MF,DF;Brentford;25-175;1998;10;10;793;8.8;0.00;0.11;0.11;0.00;0.00;0.00;0.23;0.00;0.07;0.07;0.08;0.15;0.34;4.09;2.84;0.00;0.11;0.11;0.00;0.11;0.06;0.08;0.15;0.06;0.15;Matches
200;Mathias Jensen;dk DEN;MF;Brentford;27-304;1996;10;10;756;8.4;0.36;0.12;0.48;0.36;0.00;0.00;0.24;0.00;0.05;0.05;0.18;0.24;0.60;4.40;3.45;0.36;0.12;0.48;0.36;0.48;0.05;0.18;0.23;0.05;0.23;Matches
201;Gabriel Jesus;br BRA;FW;Arsenal;26-212;1997;7;4;364;4.0;0.25;0.00;0.25;0.25;0.00;0.00;0.50;0.00;0.45;0.45;0.05;0.50;2.75;2.75;6.75;0.25;0.00;0.25;0.25;0.25;0.44;0.05;0.49;0.44;0.49;Matches
202;Raúl Jiménez;mx MEX;FW;Fulham;32-180;1991;9;8;605;6.7;0.00;0.00;0.00;0.00;0.00;0.00;0.15;0.00;0.16;0.16;0.12;0.28;0.75;0.90;5.97;0.00;0.00;0.00;0.00;0.00;0.17;0.12;0.28;0.17;0.28;Matches
203;João Pedro;br BRA;MF,FW;Brighton;22-036;2001;10;4;494;5.5;0.36;0.18;0.55;0.18;0.18;0.18;0.18;0.00;0.49;0.36;0.24;0.58;3.27;3.27;7.64;0.36;0.18;0.55;0.18;0.36;0.50;0.23;0.73;0.36;0.59;Matches
204;Joelinton;br BRA;MF;Newcastle Utd;27-079;1996;7;6;457;5.1;0.00;0.00;0.00;0.00;0.00;0.00;0.20;0.00;0.08;0.08;0.10;0.18;1.37;3.53;3.53;0.00;0.00;0.00;0.00;0.00;0.08;0.09;0.17;0.08;0.17;Matches
205;Ryan John Giles;eng ENG;DF,MF;Luton Town;23-279;2000;5;3;281;3.1;0.00;0.00;0.00;0.00;0.00;0.00;0.00;0.00;0.03;0.03;0.06;0.10;1.61;2.90;6.77;0.00;0.00;0.00;0.00;0.00;0.02;0.06;0.08;0.02;0.08;Matches
206;Brennan Johnson;wls WAL;FW;Tottenham;22-162;2001;4;1;110;1.2;0.00;0.83;0.83;0.00;0.00;0.00;0.83;0.00;0.50;0.50;0.75;1.25;5.00;1.67;13.3;0.00;0.82;0.82;0.00;0.82;0.48;0.74;1.22;0.48;1.22;Matches
207;Brennan Johnson;wls WAL;FW,MF;Nott'ham Forest;22-162;2001;3;3;237;2.6;0.00;0.00;0.00;0.00;0.00;0.00;0.00;0.00;0.12;0.12;0.08;0.19;3.08;0.38;5.38;0.00;0.00;0.00;0.00;0.00;0.12;0.08;0.21;0.12;0.21;Matches
208;Sam Johnstone;eng ENG;GK;Crystal Palace;30-221;1993;10;10;900;10.0;0.00;0.00;0.00;0.00;0.00;0.00;0.00;0.00;0.00;0.00;0.00;0.00;0.00;0.00;0.00;0.00;0.00;0.00;0.00;0.00;0.00;0.00;0.00;0.00;0.00;Matches
209;Curtis Jones;eng ENG;MF;Liverpool;22-275;2001;5;4;280;3.1;0.00;0.00;0.00;0.00;0.00;0.00;0.32;0.32;0.03;0.03;0.00;0.03;0.65;6.13;7.74;0.00;0.00;0.00;0.00;0.00;0.03;0.00;0.03;0.03;0.03;Matches
210;Jorginho;it ITA;MF;Arsenal;31-316;1991;7;2;216;2.4;0.00;0.00;0.00;0.00;0.00;0.00;0.42;0.00;0.00;0.00;0.00;0.04;1.25;10.4;0.42;0.00;0.00;0.00;0.00;0.00;0.02;0.01;0.03;0.02;0.03;Matches
211;Diogo Jota;pt POR;FW,MF;Liverpool;26-332;1996;9;5;434;4.8;0.63;0.00;0.63;0.63;0.00;0.00;0.63;0.21;0.52;0.52;0.10;0.63;5.21;1.04;10.8;0.62;0.00;0.62;0.62;0.62;0.52;0.10;0.62;0.52;0.62;Matches
212;Mads Juel Andersen;dk DEN;DF;Luton Town;25-309;1997;6;4;372;4.1;0.24;0.00;0.24;0.24;0.00;0.00;0.24;0.00;0.07;0.07;0.00;0.07;0.00;1.71;0.24;0.24;0.00;0.24;0.24;0.24;0.06;0.00;0.06;0.06;0.06;Matches
213;Hamed Junior Traorè;ci CIV;MF;Bournemouth;23-258;2000;3;0;47;0.5;0.00;0.00;0.00;0.00;0.00;0.00;0.00;0.00;0.40;0.40;0.00;0.40;4.00;6.00;8.00;0.00;0.00;0.00;0.00;0.00;0.34;0.07;0.41;0.34;0.41;Matches
214;Mathias Jørgensen;dk DEN;DF;Brentford;33-192;1990;1;0;7;0.1;0.00;0.00;0.00;0.00;0.00;0.00;0.00;0.00;0.00;0.00;3.00;3.00;0.00;10.0;10.0;0.00;0.00;0.00;0.00;0.00;0.00;4.48;4.48;0.00;4.48;Matches
215;Issa Kaboré;bf BFA;DF,MF;Luton Town;22-173;2001;9;7;603;6.7;0.00;0.00;0.00;0.00;0.00;0.00;0.45;0.00;0.01;0.01;0.15;0.16;3.28;2.54;3.58;0.00;0.00;0.00;0.00;0.00;0.02;0.15;0.17;0.02;0.17;Matches
216;Sasa Kalajdzic;at AUT;FW;Wolves;26-117;1997;6;0;57;0.6;3.33;0.00;3.33;3.33;0.00;0.00;0.00;0.00;1.50;1.50;1.17;2.67;1.67;3.33;5.00;3.16;0.00;3.16;3.16;3.16;1.42;1.09;2.51;1.42;2.51;Matches
217;Boubacar Kamara;fr FRA;MF;Aston Villa;23-343;1999;10;10;844;9.4;0.00;0.00;0.00;0.00;0.00;0.00;0.32;0.00;0.01;0.01;0.09;0.09;0.74;4.36;0.32;0.00;0.00;0.00;0.00;0.00;0.01;0.08;0.09;0.01;0.09;Matches
218;Thomas Kaminski;be BEL;GK;Luton Town;31-009;1992;10;10;900;10.0;0.00;0.00;0.00;0.00;0.00;0.00;0.10;0.00;0.00;0.00;0.00;0.00;0.00;0.00;0.00;0.00;0.00;0.00;0.00;0.00;0.00;0.00;0.00;0.00;0.00;Matches
219;Michael Keane;eng ENG;DF;Everton;30-294;1993;4;2;226;2.5;0.00;0.00;0.00;0.00;0.00;0.00;0.40;0.00;0.00;0.00;0.00;0.00;0.80;2.40;0.00;0.00;0.00;0.00;0.00;0.00;0.02;0.00;0.02;0.02;0.02;Matches
220;Thilo Kehrer;de GER;DF,MF;West Ham;27-041;1996;3;0;21;0.2;0.00;0.00;0.00;0.00;0.00;0.00;5.00;0.00;0.00;0.00;0.00;0.00;0.00;0.00;5.00;0.00;0.00;0.00;0.00;0.00;0.00;0.00;0.00;0.00;0.00;Matches
221;Lloyd Kelly;eng ENG;DF;Bournemouth;25-026;1998;6;5;457;5.1;0.00;0.00;0.00;0.00;0.00;0.00;0.20;0.00;0.02;0.02;0.02;0.04;1.37;3.73;0.59;0.00;0.00;0.00;0.00;0.00;0.02;0.02;0.04;0.02;0.04;Matches
222;Milos Kerkez;hu HUN;DF;Bournemouth;19-359;2003;10;9;764;8.5;0.00;0.00;0.00;0.00;0.00;0.00;0.12;0.00;0.01;0.01;0.01;0.02;1.88;1.65;3.65;0.00;0.00;0.00;0.00;0.00;0.01;0.01;0.02;0.01;0.02;Matches
223;Max Kilman;eng ENG;DF;Wolves;26-162;1997;10;10;900;10.0;0.00;0.00;0.00;0.00;0.00;0.00;0.20;0.00;0.04;0.04;0.04;0.09;1.00;3.10;0.10;0.00;0.00;0.00;0.00;0.00;0.04;0.04;0.09;0.04;0.09;Matches
224;Jakub Kiwior;pl POL;DF;Arsenal;23-259;2000;3;2;182;2.0;0.00;0.00;0.00;0.00;0.00;0.00;0.00;0.00;0.20;0.20;0.00;0.20;0.00;8.00;2.00;0.00;0.00;0.00;0.00;0.00;0.21;0.00;0.21;0.21;0.21;Matches
225;Justin Kluivert;nl NED;FW;Bournemouth;24-180;1999;7;4;337;3.7;0.00;0.00;0.00;0.00;0.00;0.00;0.00;0.00;0.11;0.11;0.05;0.16;2.70;3.51;6.76;0.00;0.00;0.00;0.00;0.00;0.10;0.06;0.16;0.10;0.16;Matches
226;Luca Koleosho;it ITA;FW,MF;Burnley;19-047;2004;10;8;627;7.0;0.00;0.14;0.14;0.00;0.00;0.00;0.00;0.00;0.19;0.19;0.16;0.33;5.43;1.86;7.71;0.00;0.14;0.14;0.00;0.14;0.18;0.15;0.34;0.18;0.34;Matches
227;Ibrahima Konaté;fr FRA;DF;Liverpool;24-160;1999;7;4;379;4.2;0.00;0.00;0.00;0.00;0.00;0.00;0.24;0.00;0.00;0.00;0.05;0.05;1.43;4.29;0.00;0.00;0.00;0.00;0.00;0.00;0.01;0.04;0.05;0.01;0.05;Matches
228;Ezri Konsa;eng ENG;DF;Aston Villa;26-009;1997;10;10;900;10.0;0.00;0.00;0.00;0.00;0.00;0.00;0.10;0.00;0.07;0.07;0.00;0.07;0.40;2.30;0.50;0.00;0.00;0.00;0.00;0.00;0.07;0.00;0.07;0.07;0.07;Matches
229;Cheikhou Kouyaté;sn SEN;MF;Nott'ham Forest;33-315;1989;7;0;76;0.8;0.00;0.00;0.00;0.00;0.00;0.00;1.25;0.00;0.13;0.13;0.00;0.13;0.00;2.50;1.25;0.00;0.00;0.00;0.00;0.00;0.09;0.05;0.14;0.09;0.14;Matches
230;Mateo Kova?i?;hr CRO;MF;Manchester City;29-179;1994;7;5;461;5.1;0.00;0.00;0.00;0.00;0.00;0.00;0.39;0.00;0.04;0.04;0.14;0.20;2.55;5.88;2.55;0.00;0.00;0.00;0.00;0.00;0.05;0.14;0.19;0.05;0.19;Matches
231;Dejan Kulusevski;se SWE;FW;Tottenham;23-190;2000;10;10;890;9.9;0.20;0.00;0.20;0.20;0.00;0.00;0.10;0.00;0.11;0.11;0.24;0.35;5.76;3.74;12.3;0.20;0.00;0.20;0.20;0.20;0.12;0.24;0.36;0.12;0.36;Matches
232;Adam Lallana;eng ENG;MF,FW;Brighton;35-175;1988;5;2;171;1.9;0.00;0.00;0.00;0.00;0.00;0.00;0.53;0.00;0.00;0.00;0.11;0.11;0.00;3.68;7.89;0.00;0.00;0.00;0.00;0.00;0.00;0.12;0.12;0.00;0.12;Matches
233;Tariq Lamptey;gh GHA;DF,FW;Brighton;23-032;2000;4;1;139;1.5;0.00;1.33;1.33;0.00;0.00;0.00;1.33;0.00;0.00;0.00;0.27;0.27;7.33;4.00;2.00;0.00;1.29;1.29;0.00;1.29;0.01;0.25;0.26;0.01;0.26;Matches
234;Aymeric Laporte;es ESP;DF;Manchester City;29-158;1994;1;0;12;0.1;0.00;0.00;0.00;0.00;0.00;0.00;0.00;0.00;0.00;0.00;0.00;0.00;0.00;0.00;0.00;0.00;0.00;0.00;0.00;0.00;0.27;0.00;0.27;0.27;0.27;Matches
235;Yasser Larouci;dz ALG;DF;Sheffield Utd;22-304;2001;5;1;222;2.5;0.00;0.00;0.00;0.00;0.00;0.00;0.00;0.00;0.08;0.08;0.00;0.08;3.20;2.00;1.20;0.00;0.00;0.00;0.00;0.00;0.07;0.00;0.07;0.07;0.07;Matches
236;Jamaal Lascelles;eng ENG;DF;Newcastle Utd;29-355;1993;5;4;377;4.2;0.00;0.00;0.00;0.00;0.00;0.00;0.24;0.00;0.02;0.02;0.00;0.02;0.48;1.67;0.24;0.00;0.00;0.00;0.00;0.00;0.02;0.00;0.02;0.02;0.02;Matches
237;Mario Lemina;ga GAB;MF;Wolves;30-061;1993;9;9;791;8.8;0.11;0.00;0.11;0.11;0.00;0.00;0.68;0.11;0.13;0.13;0.01;0.14;0.57;2.84;0.68;0.11;0.00;0.11;0.11;0.11;0.12;0.01;0.13;0.12;0.13;Matches
238;Bernd Leno;de GER;GK;Fulham;31-242;1992;10;10;900;10.0;0.00;0.00;0.00;0.00;0.00;0.00;0.00;0.00;0.00;0.00;0.00;0.00;0.00;0.00;0.00;0.00;0.00;0.00;0.00;0.00;0.00;0.00;0.00;0.00;0.00;Matches
239;Jefferson Lerma;co COL;MF;Crystal Palace;29-007;1994;6;6;524;5.8;0.00;0.00;0.00;0.00;0.00;0.00;0.00;0.00;0.03;0.03;0.12;0.14;1.03;2.93;1.90;0.00;0.00;0.00;0.00;0.00;0.03;0.11;0.14;0.03;0.14;Matches
240;Rico Lewis;eng ENG;DF,MF;Manchester City;18-345;2004;4;2;147;1.6;0.00;0.00;0.00;0.00;0.00;0.00;0.00;0.00;0.00;0.00;0.00;0.00;1.25;2.50;3.75;0.00;0.00;0.00;0.00;0.00;0.00;0.00;0.00;0.00;0.00;Matches
241;Keane Lewis-Potter;eng ENG;FW;Brentford;22-252;2001;6;2;222;2.5;0.00;0.00;0.00;0.00;0.00;0.00;0.00;0.00;0.40;0.40;0.04;0.44;4.80;2.40;12.4;0.00;0.00;0.00;0.00;0.00;0.39;0.05;0.43;0.39;0.43;Matches
242;Victor Lindelöf;se SWE;DF;Manchester Utd;29-107;1994;9;7;672;7.5;0.00;0.13;0.13;0.00;0.00;0.00;0.13;0.00;0.01;0.01;0.04;0.05;0.93;2.27;1.20;0.00;0.13;0.13;0.00;0.13;0.02;0.04;0.06;0.02;0.06;Matches
243;Valentino Livramento;eng ENG;DF,FW;Newcastle Utd;20-354;2002;4;0;49;0.5;0.00;0.00;0.00;0.00;0.00;0.00;0.00;0.00;0.00;0.00;0.00;0.00;4.00;8.00;6.00;0.00;0.00;0.00;0.00;0.00;0.00;0.00;0.00;0.00;0.00;Matches
244;Giovani Lo Celso;ar ARG;MF;Tottenham;27-206;1996;2;0;26;0.3;0.00;0.00;0.00;0.00;0.00;0.00;0.00;0.00;0.00;0.00;0.00;0.00;10.0;10.0;6.67;0.00;0.00;0.00;0.00;0.00;0.00;0.10;0.10;0.00;0.10;Matches
245;Tom Lockyer;wls WAL;DF;Luton Town;28-333;1994;9;9;765;8.5;0.12;0.12;0.24;0.12;0.00;0.00;0.24;0.00;0.09;0.09;0.06;0.15;0.59;3.53;0.24;0.12;0.12;0.24;0.12;0.24;0.09;0.06;0.15;0.09;0.15;Matches
246;Sean Longstaff;eng ENG;MF;Newcastle Utd;26-002;1997;10;6;632;7.0;0.29;0.14;0.43;0.29;0.00;0.00;0.43;0.00;0.19;0.19;0.13;0.31;0.71;6.14;3.86;0.28;0.14;0.43;0.28;0.43;0.19;0.13;0.32;0.19;0.32;Matches
247;Max Lowe;eng ENG;MF,DF;Sheffield Utd;26-174;1997;2;2;124;1.4;0.00;0.00;0.00;0.00;0.00;0.00;0.00;0.00;0.00;0.00;0.00;0.00;0.00;2.86;1.43;0.00;0.00;0.00;0.00;0.00;0.00;0.01;0.01;0.00;0.01;Matches
248;Douglas Luiz;br BRA;MF;Aston Villa;25-176;1998;10;10;848;9.4;0.53;0.11;0.64;0.21;0.32;0.32;0.43;0.00;0.34;0.09;0.07;0.16;2.23;5.85;2.23;0.53;0.11;0.64;0.21;0.32;0.34;0.08;0.42;0.09;0.16;Matches
249;Saša Luki?;rs SRB;MF;Fulham;27-080;1996;6;4;337;3.7;0.00;0.00;0.00;0.00;0.00;0.00;0.27;0.00;0.16;0.16;0.03;0.19;0.81;3.24;1.35;0.00;0.00;0.00;0.00;0.00;0.17;0.02;0.20;0.17;0.20;Matches
250;Ian Maatsen;nl NED;FW,MF;Chelsea;21-236;2002;7;0;113;1.3;0.00;0.00;0.00;0.00;0.00;0.00;0.77;0.00;0.31;0.31;0.08;0.38;3.85;3.85;6.92;0.00;0.00;0.00;0.00;0.00;0.33;0.07;0.41;0.33;0.41;Matches
251;Alexis Mac Allister;ar ARG;MF;Liverpool;24-312;1998;10;10;790;8.8;0.00;0.11;0.11;0.00;0.00;0.00;0.45;0.11;0.01;0.01;0.05;0.06;1.59;6.93;0.57;0.00;0.11;0.11;0.00;0.11;0.01;0.04;0.06;0.01;0.06;Matches
252;James Maddison;eng ENG;MF;Tottenham;26-343;1996;10;10;837;9.3;0.32;0.54;0.86;0.32;0.00;0.00;0.22;0.00;0.30;0.30;0.30;0.60;3.12;10.3;7.53;0.32;0.54;0.86;0.32;0.86;0.30;0.30;0.61;0.30;0.61;Matches
253;Noni Madueke;eng ENG;FW,MF;Chelsea;21-236;2002;5;1;119;1.3;0.00;0.00;0.00;0.00;0.00;0.00;0.00;0.00;0.15;0.15;0.15;0.31;6.92;3.08;23.8;0.00;0.00;0.00;0.00;0.00;0.14;0.12;0.27;0.14;0.27;Matches
254;Harry Maguire;eng ENG;DF;Manchester Utd;30-241;1993;5;3;298;3.3;0.00;0.30;0.30;0.00;0.00;0.00;0.00;0.00;0.00;0.00;0.09;0.09;0.91;4.85;0.00;0.00;0.30;0.30;0.00;0.30;0.01;0.09;0.09;0.01;0.09;Matches
255;Orel Mangala;be BEL;MF;Nott'ham Forest;25-228;1998;9;9;732;8.1;0.00;0.00;0.00;0.00;0.00;0.00;0.49;0.00;0.04;0.04;0.02;0.05;0.37;2.22;0.49;0.00;0.00;0.00;0.00;0.00;0.03;0.02;0.05;0.03;0.05;Matches
256;Benson Manuel;be BEL;MF,FW;Burnley;26-218;1997;3;1;67;0.7;0.00;0.00;0.00;0.00;0.00;0.00;0.00;0.00;0.00;0.00;0.00;0.00;2.86;0.00;12.9;0.00;0.00;0.00;0.00;0.00;0.03;0.00;0.03;0.03;0.03;Matches
257;Solly March;eng ENG;FW,DF;Brighton;29-104;1994;7;7;554;6.2;0.48;0.16;0.65;0.48;0.00;0.00;0.16;0.00;0.32;0.32;0.16;0.47;2.26;3.87;7.10;0.49;0.16;0.65;0.49;0.65;0.32;0.16;0.47;0.32;0.47;Matches
258;Anthony Martial;fr FRA;FW,MF;Manchester Utd;27-331;1995;8;2;225;2.5;0.00;0.00;0.00;0.00;0.00;0.00;0.00;0.00;0.08;0.08;0.08;0.16;1.20;2.80;8.00;0.00;0.00;0.00;0.00;0.00;0.09;0.07;0.16;0.09;0.16;Matches
259;Gabriel Martinelli;br BRA;FW;Arsenal;22-136;2001;8;7;543;6.0;0.17;0.33;0.50;0.17;0.00;0.00;0.00;0.00;0.15;0.15;0.18;0.32;5.17;3.50;13.7;0.17;0.33;0.50;0.17;0.50;0.14;0.18;0.32;0.14;0.32;Matches
260;Emiliano Martínez;ar ARG;GK;Aston Villa;31-060;1992;9;9;810;9.0;0.00;0.00;0.00;0.00;0.00;0.00;0.22;0.00;0.00;0.00;0.00;0.00;0.00;0.00;0.00;0.00;0.00;0.00;0.00;0.00;0.00;0.00;0.00;0.00;0.00;Matches
261;Lisandro Martínez;ar ARG;DF;Manchester Utd;25-287;1998;5;5;375;4.2;0.00;0.24;0.24;0.00;0.00;0.00;0.48;0.00;0.00;0.00;0.02;0.02;1.43;6.19;0.24;0.00;0.24;0.24;0.00;0.24;0.00;0.02;0.02;0.00;0.02;Matches
262;Pape Matar Sarr;sn SEN;MF;Tottenham;21-048;2002;10;9;708;7.9;0.13;0.13;0.25;0.13;0.00;0.00;0.25;0.00;0.22;0.22;0.14;0.34;1.90;7.34;3.80;0.13;0.13;0.25;0.13;0.25;0.21;0.14;0.35;0.21;0.35;Matches
263;Jean-Philippe Mateta;fr FRA;FW;Crystal Palace;26-126;1997;8;3;379;4.2;0.00;0.71;0.71;0.00;0.00;0.00;0.24;0.00;0.10;0.10;0.29;0.38;0.48;1.19;5.71;0.00;0.71;0.71;0.00;0.71;0.09;0.28;0.37;0.09;0.37;Matches
264;Joël Matip;cm CMR;DF;Liverpool;32-085;1991;7;6;533;5.9;0.00;0.00;0.00;0.00;0.00;0.00;0.00;0.00;0.07;0.07;0.00;0.08;0.85;4.07;0.00;0.00;0.00;0.00;0.00;0.00;0.07;0.01;0.08;0.07;0.08;Matches
265;Alex Matos;eng ENG;MF;Chelsea;19-029;2004;1;0;1;0.0;0;0;0;0;0;0;0;0;0.0;0.0;0.0;0.0;0;0;0;0.00;0.00;0.00;0.00;0.00;0.00;0.00;0.00;0.00;0.00;Matches
266;Neal Maupay;fr FRA;FW;Brentford;27-079;1996;5;1;158;1.8;0.00;1.11;1.11;0.00;0.00;0.00;1.11;0.00;0.61;0.61;0.72;1.28;1.11;2.22;6.67;0.00;1.14;1.14;0.00;1.14;0.62;0.71;1.33;0.62;1.33;Matches
267;Neal Maupay;fr FRA;FW;Everton;27-079;1996;2;1;111;1.2;0.00;0.00;0.00;0.00;0.00;0.00;0.00;0.00;1.17;1.17;0.08;1.25;0.83;0.00;5.00;0.00;0.00;0.00;0.00;0.00;1.16;0.05;1.22;1.16;1.22;Matches
268;Konstantinos Mavropanos;gr GRE;DF;West Ham;25-325;1997;1;0;1;0.0;0;0;0;0;0;0;0;0;0.0;0.0;0.0;0.0;0;0;0;0.00;0.00;0.00;0.00;0.00;0.00;0.00;0.00;0.00;0.00;Matches
269;Bryan Mbeumo;cm CMR;FW;Brentford;24-086;1999;10;10;900;10.0;0.60;0.20;0.80;0.40;0.20;0.20;0.10;0.00;0.63;0.48;0.23;0.71;3.10;4.10;9.00;0.60;0.20;0.80;0.40;0.60;0.63;0.23;0.87;0.48;0.71;Matches
270;James Mcatee;eng ENG;MF;Sheffield Utd;21-014;2002;6;5;384;4.3;0.00;0.00;0.00;0.00;0.00;0.00;0.23;0.00;0.07;0.07;0.09;0.16;2.79;2.33;5.12;0.00;0.00;0.00;0.00;0.00;0.08;0.09;0.17;0.08;0.17;Matches
271;James Mcatee;eng ENG;MF;Manchester City;21-014;2002;1;0;1;0.0;0;0;0;0;0;0;0;0;0.0;0.0;0.0;0.0;0;0;0;0.00;0.00;0.00;0.00;0.00;0.00;0.00;0.00;0.00;0.00;Matches
272;Oliver McBurnie;sct SCO;FW;Sheffield Utd;27-150;1996;6;5;430;4.8;0.21;0.21;0.42;0.00;0.21;0.21;0.63;0.21;0.38;0.23;0.13;0.35;0.42;2.08;5.00;0.21;0.21;0.42;0.00;0.21;0.39;0.13;0.52;0.22;0.35;Matches
273;John McGinn;sct SCO;MF,FW;Aston Villa;29-014;1994;10;10;837;9.3;0.22;0.22;0.43;0.22;0.00;0.00;0.22;0.00;0.14;0.14;0.13;0.27;1.29;5.48;3.01;0.22;0.22;0.43;0.22;0.43;0.14;0.13;0.27;0.14;0.27;Matches
274;Scott McKenna;sct SCO;DF;Nott'ham Forest;26-354;1996;5;5;416;4.6;0.00;0.00;0.00;0.00;0.00;0.00;0.00;0.00;0.04;0.04;0.04;0.09;0.22;2.17;0.00;0.00;0.00;0.00;0.00;0.00;0.05;0.04;0.08;0.05;0.08;Matches
275;Dwight McNeil;eng ENG;MF,FW;Everton;23-344;1999;7;6;501;5.6;0.00;0.18;0.18;0.00;0.00;0.00;0.00;0.00;0.13;0.13;0.36;0.46;3.93;2.50;4.46;0.00;0.18;0.18;0.00;0.18;0.12;0.35;0.47;0.12;0.47;Matches
276;Scott McTominay;sct SCO;MF;Manchester Utd;26-328;1996;7;4;339;3.8;0.79;0.00;0.79;0.79;0.00;0.00;0.00;0.00;0.18;0.18;0.00;0.21;1.32;2.11;2.11;0.80;0.00;0.80;0.80;0.80;0.20;0.01;0.21;0.20;0.21;Matches
277;Ben Mee;eng ENG;DF;Brentford;34-041;1989;2;2;151;1.7;0.00;0.00;0.00;0.00;0.00;0.00;0.00;0.00;0.00;0.00;0.06;0.06;0.59;3.53;0.59;0.00;0.00;0.00;0.00;0.00;0.00;0.07;0.07;0.00;0.07;Matches
278;Hannibal Mejbri;tn TUN;MF;Manchester Utd;20-284;2003;2;1;117;1.3;0.77;0.00;0.77;0.77;0.00;0.00;0.77;0.00;0.00;0.00;0.31;0.31;1.54;4.62;6.15;0.77;0.00;0.77;0.77;0.77;0.02;0.29;0.31;0.02;0.31;Matches
279;Teden Mengi;eng ENG;DF;Luton Town;21-185;2002;5;3;337;3.7;0.00;0.00;0.00;0.00;0.00;0.00;0.00;0.00;0.03;0.03;0.00;0.03;0.27;2.97;0.00;0.00;0.00;0.00;0.00;0.00;0.02;0.00;0.02;0.02;0.02;Matches
280;Chris Mepham;wls WAL;DF;Bournemouth;25-361;1997;3;1;125;1.4;0.00;0.00;0.00;0.00;0.00;0.00;0.71;0.00;0.07;0.07;0.00;0.07;0.71;2.86;0.00;0.00;0.00;0.00;0.00;0.00;0.06;0.01;0.08;0.06;0.08;Matches
281;James Milner;eng ENG;DF;Brighton;37-301;1986;6;4;274;3.0;0.00;0.00;0.00;0.00;0.00;0.00;0.67;0.00;0.00;0.00;0.03;0.03;0.67;6.00;5.00;0.00;0.00;0.00;0.00;0.00;0.00;0.04;0.04;0.00;0.04;Matches
282;Tyrone Mings;eng ENG;DF;Aston Villa;30-233;1993;1;1;30;0.3;0.00;0.00;0.00;0.00;0.00;0.00;0.00;0.00;0.00;0.00;0.00;0.00;0.00;0.00;0.00;0.00;0.00;0.00;0.00;0.00;0.02;0.07;0.09;0.02;0.09;Matches
283;Tyrick Mitchell;eng ENG;DF;Crystal Palace;24-061;1999;10;10;879;9.8;0.00;0.10;0.10;0.00;0.00;0.00;0.20;0.00;0.01;0.01;0.07;0.08;0.71;2.55;5.00;0.00;0.10;0.10;0.00;0.10;0.01;0.07;0.08;0.01;0.08;Matches
284;Kaoru Mitoma;jp JPN;FW,DF;Brighton;26-165;1997;10;9;845;9.4;0.32;0.32;0.64;0.32;0.00;0.00;0.32;0.00;0.27;0.27;0.18;0.45;6.91;2.66;11.8;0.32;0.32;0.64;0.32;0.64;0.26;0.18;0.44;0.26;0.44;Matches
285;Aleksandar Mitrovi?;rs SRB;FW;Fulham;29-046;1994;1;0;33;0.4;0.00;0.00;0.00;0.00;0.00;0.00;0.00;0.00;0.50;0.50;0.00;0.50;0.00;2.50;0.00;0.00;0.00;0.00;0.00;0.00;0.44;0.00;0.44;0.44;0.44;Matches
286;Kudus Mohammed;gh GHA;MF,FW;West Ham;23-091;2000;7;1;190;2.1;0.48;0.00;0.48;0.48;0.00;0.00;0.48;0.00;0.05;0.05;0.00;0.05;4.29;3.81;8.57;0.47;0.00;0.47;0.47;0.47;0.04;0.02;0.05;0.04;0.05;Matches
287;Gonzalo Montiel;ar ARG;DF;Nott'ham Forest;26-304;1997;4;1;168;1.9;0.00;0.00;0.00;0.00;0.00;0.00;1.05;0.00;0.05;0.05;0.05;0.11;2.11;4.74;3.68;0.00;0.00;0.00;0.00;0.00;0.05;0.06;0.11;0.05;0.11;Matches
288;Kieffer Moore;wls WAL;FW,MF;Bournemouth;31-085;1992;5;0;88;1.0;0.00;0.00;0.00;0.00;0.00;0.00;0.00;0.00;0.50;0.50;0.20;0.70;1.00;3.00;13.0;0.00;0.00;0.00;0.00;0.00;0.50;0.22;0.72;0.50;0.72;Matches
289;Carlton Morris;eng ENG;FW;Luton Town;27-320;1995;10;10;845;9.4;0.32;0.11;0.43;0.11;0.21;0.21;0.11;0.00;0.37;0.20;0.04;0.24;0.96;2.87;5.53;0.32;0.11;0.43;0.11;0.21;0.37;0.04;0.41;0.20;0.24;Matches
290;Mason Mount;eng ENG;MF;Manchester Utd;24-295;1999;6;4;337;3.7;0.00;0.00;0.00;0.00;0.00;0.00;0.27;0.00;0.05;0.05;0.05;0.11;1.35;2.97;5.68;0.00;0.00;0.00;0.00;0.00;0.05;0.05;0.10;0.05;0.10;Matches
291;Mykhailo Mudryk;ua UKR;FW,DF;Chelsea;22-300;2001;8;4;309;3.4;0.59;0.00;0.59;0.59;0.00;0.00;0.29;0.00;0.21;0.21;0.24;0.47;4.71;1.76;6.47;0.58;0.00;0.58;0.58;0.58;0.21;0.24;0.46;0.21;0.46;Matches
292;Rodrigo Muniz;br BRA;FW;Fulham;22-181;2001;4;0;61;0.7;0.00;0.00;0.00;0.00;0.00;0.00;1.43;0.00;0.43;0.43;0.29;0.86;0.00;1.43;1.43;0.00;0.00;0.00;0.00;0.00;0.45;0.37;0.82;0.45;0.82;Matches
293;Murillo;br BRA;DF;Nott'ham Forest;21-120;2002;4;4;360;4.0;0.00;0.00;0.00;0.00;0.00;0.00;0.25;0.00;0.15;0.15;0.03;0.17;1.75;3.50;0.00;0.00;0.00;0.00;0.00;0.00;0.14;0.03;0.17;0.14;0.17;Matches
294;Jacob Murphy;eng ENG;FW;Newcastle Utd;28-250;1995;4;1;105;1.2;0.83;2.50;3.33;0.83;0.00;0.00;0.00;0.00;0.00;0.00;1.17;1.25;5.00;8.33;10.0;0.86;2.57;3.43;0.86;3.43;0.04;1.21;1.26;0.04;1.26;Matches
295;Vitaliy Mykolenko;ua UKR;DF;Everton;24-156;1999;6;6;537;6.0;0.00;0.00;0.00;0.00;0.00;0.00;0.00;0.00;0.03;0.03;0.05;0.08;0.33;1.83;1.83;0.00;0.00;0.00;0.00;0.00;0.03;0.05;0.08;0.03;0.08;Matches
296;Marvelous Nakamba;zw ZIM;MF;Luton Town;29-286;1994;10;10;885;9.8;0.00;0.00;0.00;0.00;0.00;0.00;0.31;0.00;0.02;0.02;0.04;0.06;0.00;3.27;0.41;0.00;0.00;0.00;0.00;0.00;0.02;0.04;0.06;0.02;0.06;Matches
297;Reiss Nelson;eng ENG;FW;Arsenal;23-326;1999;4;0;55;0.6;0.00;0.00;0.00;0.00;0.00;0.00;0.00;0.00;0.00;0.00;0.83;0.83;3.33;0.00;10.0;0.00;0.00;0.00;0.00;0.00;0.04;0.76;0.80;0.04;0.80;Matches
298;Neto;br BRA;GK;Bournemouth;34-105;1989;9;9;810;9.0;0.00;0.00;0.00;0.00;0.00;0.00;0.33;0.00;0.00;0.00;0.00;0.00;0.00;0.00;0.00;0.00;0.00;0.00;0.00;0.00;0.00;0.00;0.00;0.00;0.00;Matches
299;Pedro Neto;pt POR;MF,FW;Wolves;23-237;2000;10;10;886;9.8;0.10;0.71;0.82;0.10;0.00;0.00;0.31;0.00;0.23;0.23;0.28;0.52;5.20;3.16;8.27;0.10;0.71;0.81;0.10;0.81;0.24;0.28;0.51;0.24;0.51;Matches
300;Moussa Niakhate;sn SEN;DF;Nott'ham Forest;27-238;1996;5;3;270;3.0;0.00;0.00;0.00;0.00;0.00;0.00;0.67;0.33;0.00;0.00;0.00;0.00;0.33;3.33;0.67;0.00;0.00;0.00;0.00;0.00;0.00;0.00;0.00;0.00;0.00;Matches
301;Eddie Nketiah;eng ENG;FW;Arsenal;24-155;1999;10;8;681;7.6;0.66;0.00;0.66;0.66;0.00;0.00;0.26;0.00;0.38;0.38;0.03;0.41;1.71;1.32;5.13;0.66;0.00;0.66;0.66;0.66;0.39;0.02;0.41;0.39;0.41;Matches
302;Oliver Norwood;nir NIR;MF;Sheffield Utd;32-203;1991;9;8;701;7.8;0.00;0.00;0.00;0.00;0.00;0.00;0.38;0.00;0.01;0.01;0.05;0.06;0.00;3.72;0.64;0.00;0.00;0.00;0.00;0.00;0.02;0.05;0.07;0.02;0.07;Matches
303;Matheus Nunes;pt POR;MF;Wolves;25-066;1998;2;2;179;2.0;0.00;0.00;0.00;0.00;0.00;0.00;1.00;0.50;0.05;0.05;0.05;0.10;3.50;4.00;4.50;0.00;0.00;0.00;0.00;0.00;0.04;0.05;0.09;0.04;0.09;Matches
304;Matheus Nunes;pt POR;MF;Manchester City;25-066;1998;4;2;182;2.0;0.00;0.50;0.50;0.00;0.00;0.00;0.00;0.00;0.00;0.00;0.05;0.05;2.00;3.00;7.00;0.00;0.49;0.49;0.00;0.49;0.00;0.07;0.07;0.00;0.07;Matches
305;Darwin Núñez;uy URU;FW;Liverpool;24-130;1999;9;4;421;4.7;0.85;0.64;1.49;0.85;0.00;0.00;0.21;0.00;0.83;0.83;0.32;1.15;2.55;3.62;7.87;0.86;0.64;1.50;0.86;1.50;0.84;0.32;1.15;0.84;1.15;Matches
306;Christian Nørgaard;dk DEN;MF;Brentford;29-236;1994;10;10;850;9.4;0.11;0.11;0.21;0.11;0.00;0.00;0.32;0.00;0.17;0.17;0.09;0.26;0.21;6.06;1.81;0.11;0.11;0.21;0.11;0.21;0.16;0.09;0.25;0.16;0.25;Matches
307;Dara O'Shea;ie IRL;DF;Burnley;24-242;1999;6;5;495;5.5;0.00;0.18;0.18;0.00;0.00;0.00;0.00;0.00;0.00;0.00;0.00;0.02;0.91;3.64;0.18;0.00;0.18;0.18;0.00;0.18;0.01;0.01;0.01;0.01;0.01;Matches
308;Wilson Odobert;fr FRA;FW;Burnley;18-338;2004;3;2;147;1.6;0.63;0.00;0.63;0.63;0.00;0.00;0.63;0.00;0.19;0.19;0.25;0.44;5.00;0.00;5.00;0.61;0.00;0.61;0.61;0.61;0.15;0.26;0.42;0.15;0.42;Matches
309;Chiedozie Ogbene;ie IRL;MF,FW;Luton Town;26-184;1997;10;6;599;6.7;0.15;0.00;0.15;0.15;0.00;0.00;0.00;0.00;0.12;0.12;0.12;0.24;5.97;1.79;6.12;0.15;0.00;0.15;0.15;0.15;0.12;0.12;0.25;0.12;0.25;Matches
310;Angelo Ogbonna;it ITA;DF;West Ham;35-162;1988;2;1;112;1.2;0.00;0.00;0.00;0.00;0.00;0.00;0.00;0.00;0.00;0.00;0.00;0.00;0.00;0.83;0.00;0.00;0.00;0.00;0.00;0.00;0.00;0.00;0.00;0.00;0.00;Matches
311;Michael Olakigbe;eng ENG;FW,MF;Brentford;19-190;2004;4;0;16;0.2;0.00;0.00;0.00;0.00;0.00;0.00;0.00;0.00;0.50;0.50;0.00;0.50;30.0;15.0;50.0;0.00;0.00;0.00;0.00;0.00;0.57;0.00;0.57;0.57;0.57;Matches
312;Robin Olsen;se SWE;GK;Aston Villa;33-297;1990;1;1;90;1.0;0.00;0.00;0.00;0.00;0.00;0.00;0.00;0.00;0.00;0.00;0.00;0.00;0.00;0.00;0.00;0.00;0.00;0.00;0.00;0.00;0.00;0.00;0.00;0.00;0.00;Matches
313;Amadou Onana;be BEL;MF;Everton;22-077;2001;10;10;875;9.7;0.00;0.00;0.00;0.00;0.00;0.00;0.00;0.00;0.11;0.11;0.24;0.35;0.93;5.05;2.58;0.00;0.00;0.00;0.00;0.00;0.11;0.24;0.35;0.11;0.35;Matches
314;André Onana;cm CMR;GK;Manchester Utd;27-213;1996;10;10;900;10.0;0.00;0.00;0.00;0.00;0.00;0.00;0.30;0.00;0.00;0.00;0.00;0.00;0.10;0.10;0.00;0.00;0.00;0.00;0.00;0.00;0.00;0.00;0.00;0.00;0.00;Matches
315;Ryan One;sct SCO;FW;Sheffield Utd;17-128;2006;1;0;8;0.1;0.00;0.00;0.00;0.00;0.00;0.00;0.00;0.00;0.00;0.00;0.00;0.00;10.0;0.00;0.00;0.00;0.00;0.00;0.00;0.00;0.00;0.00;0.00;0.00;0.00;Matches
316;Tyler Onyango;eng ENG;MF;Everton;20-242;2003;1;0;1;0.0;0;0;0;0;0;0;0;0;0.0;0.0;0.0;0.0;0;0;0;0.00;0.00;0.00;0.00;0.00;0.00;0.00;0.00;0.00;0.00;Matches
317;Frank Onyeka;ng NGA;MF;Brentford;25-304;1998;8;1;242;2.7;0.00;0.00;0.00;0.00;0.00;0.00;1.11;0.00;0.19;0.19;0.33;0.52;1.11;3.70;7.04;0.00;0.00;0.00;0.00;0.00;0.17;0.34;0.51;0.17;0.51;Matches
318;Divock Origi;be BEL;FW,MF;Nott'ham Forest;28-197;1995;4;0;62;0.7;0.00;0.00;0.00;0.00;0.00;0.00;1.43;0.00;0.14;0.14;0.29;0.43;1.43;0.00;2.86;0.00;0.00;0.00;0.00;0.00;0.09;0.33;0.42;0.09;0.42;Matches
319;Stefan Ortega;de GER;GK;Manchester City;30-360;1992;1;1;90;1.0;0.00;0.00;0.00;0.00;0.00;0.00;0.00;0.00;0.00;0.00;0.00;0.00;0.00;0.00;0.00;0.00;0.00;0.00;0.00;0.00;0.00;0.00;0.00;0.00;0.00;Matches
320;Ben Osborn;eng ENG;DF,FW;Sheffield Utd;29-088;1994;5;3;237;2.6;0.00;0.00;0.00;0.00;0.00;0.00;0.77;0.00;0.04;0.04;0.00;0.04;0.77;3.08;3.85;0.00;0.00;0.00;0.00;0.00;0.05;0.01;0.05;0.05;0.05;Matches
321;Gabriel Osho;eng ENG;DF;Luton Town;25-079;1998;1;1;56;0.6;0.00;0.00;0.00;0.00;0.00;0.00;0.00;0.00;0.00;0.00;0.00;0.00;0.00;1.67;0.00;0.00;0.00;0.00;0.00;0.00;0.00;0.00;0.00;0.00;0.00;Matches
322;William Osula;dk DEN;FW;Sheffield Utd;20-089;2003;3;3;233;2.6;0.00;0.00;0.00;0.00;0.00;0.00;0.77;0.00;0.12;0.12;0.00;0.12;0.77;0.00;3.46;0.00;0.00;0.00;0.00;0.00;0.11;0.00;0.11;0.11;0.11;Matches
323;Dango Ouattara;bf BFA;FW;Bournemouth;21-263;2002;6;2;216;2.4;0.00;0.00;0.00;0.00;0.00;0.00;0.42;0.00;0.17;0.17;0.08;0.21;1.67;1.25;7.08;0.00;0.00;0.00;0.00;0.00;0.15;0.07;0.22;0.15;0.22;Matches
324;David Ozoh;eng ENG;MF;Crystal Palace;18-154;2005;1;0;4;0.0;0;0;0;0;0;0;0;0;0.0;0.0;0.0;0.0;0;0;0;0.00;0.00;0.00;0.00;0.00;0.00;0.00;0.00;0.00;0.00;Matches
325;João Palhinha;pt POR;MF;Fulham;28-115;1995;8;7;645;7.2;0.28;0.00;0.28;0.28;0.00;0.00;0.42;0.00;0.07;0.07;0.00;0.08;0.14;3.19;0.14;0.28;0.00;0.28;0.28;0.28;0.07;0.00;0.08;0.07;0.08;Matches
326;Cole Palmer;eng ENG;MF;Manchester City;21-179;2002;1;0;11;0.1;0.00;0.00;0.00;0.00;0.00;0.00;0.00;0.00;0.00;0.00;0.00;0.00;0.00;0.00;0.00;0.00;0.00;0.00;0.00;0.00;0.00;0.00;0.00;0.00;0.00;Matches
327;Cole Palmer;eng ENG;FW,MF;Chelsea;21-179;2002;7;4;415;4.6;0.43;0.22;0.65;0.00;0.43;0.43;0.43;0.00;0.61;0.26;0.43;0.67;4.35;8.48;6.30;0.43;0.22;0.65;0.00;0.22;0.60;0.43;1.02;0.26;0.68;Matches
328;Emerson Palmieri;it ITA;DF;West Ham;29-090;1994;9;9;810;9.0;0.00;0.11;0.11;0.00;0.00;0.00;0.56;0.00;0.01;0.01;0.18;0.19;1.67;3.67;3.00;0.00;0.11;0.11;0.00;0.11;0.01;0.18;0.19;0.01;0.19;Matches
329;Lucas Paquetá;br BRA;FW,MF;West Ham;26-066;1997;10;10;882;9.8;0.10;0.10;0.20;0.00;0.10;0.10;0.51;0.00;0.20;0.12;0.16;0.29;1.33;6.33;3.27;0.10;0.10;0.20;0.00;0.10;0.20;0.17;0.37;0.12;0.29;Matches
330;Thomas Partey;gh GHA;DF,MF;Arsenal;30-141;1993;4;3;251;2.8;0.00;0.00;0.00;0.00;0.00;0.00;0.00;0.00;0.04;0.04;0.04;0.07;3.57;11.8;1.43;0.00;0.00;0.00;0.00;0.00;0.03;0.04;0.06;0.03;0.06;Matches
331;Nathan Patterson;sct SCO;DF;Everton;22-016;2001;9;5;525;5.8;0.00;0.17;0.17;0.00;0.00;0.00;0.17;0.00;0.05;0.05;0.19;0.24;2.07;3.45;3.62;0.00;0.17;0.17;0.00;0.17;0.06;0.18;0.24;0.06;0.24;Matches
332;Facundo Pellistri;uy URU;FW,MF;Manchester Utd;21-316;2001;4;1;86;1.0;0.00;0.00;0.00;0.00;0.00;0.00;0.00;0.00;0.40;0.40;0.00;0.40;4.00;3.00;20.0;0.00;0.00;0.00;0.00;0.00;0.46;0.00;0.46;0.46;0.46;Matches
333;Andreas Pereira;br BRA;MF;Fulham;27-304;1996;10;8;628;7.0;0.14;0.14;0.29;0.14;0.00;0.00;0.29;0.00;0.11;0.11;0.17;0.29;1.29;2.71;3.86;0.14;0.14;0.29;0.14;0.29;0.12;0.17;0.29;0.12;0.29;Matches
334;Ivan Periši?;hr CRO;FW;Tottenham;34-272;1989;5;0;103;1.1;0.00;0.91;0.91;0.00;0.00;0.00;1.82;0.00;0.09;0.09;0.82;0.91;13.6;8.18;15.5;0.00;0.87;0.87;0.00;0.87;0.10;0.75;0.85;0.10;0.85;Matches
335;Kalvin Phillips;eng ENG;MF;Manchester City;27-334;1995;3;0;73;0.8;0.00;0.00;0.00;0.00;0.00;0.00;0.00;0.00;0.13;0.13;0.00;0.13;7.50;8.75;3.75;0.00;0.00;0.00;0.00;0.00;0.09;0.00;0.09;0.09;0.09;Matches
336;Jaden Philogene Bidace;eng ENG;FW;Aston Villa;21-266;2002;1;0;4;0.0;0;0;0;0;0;0;0;0;0.0;0.0;0.0;0.0;2;0;1;0.00;0.00;0.00;0.00;0.00;0.00;0.00;0.00;0.00;0.00;Matches
337;Jordan Pickford;eng ENG;GK;Everton;29-239;1994;10;10;900;10.0;0.00;0.00;0.00;0.00;0.00;0.00;0.20;0.00;0.00;0.00;0.01;0.01;0.00;0.00;0.00;0.00;0.00;0.00;0.00;0.00;0.00;0.01;0.01;0.00;0.01;Matches
338;Ethan Pinnock;jm JAM;DF;Brentford;30-156;1993;10;10;900;10.0;0.10;0.00;0.10;0.10;0.00;0.00;0.00;0.00;0.10;0.10;0.09;0.19;0.40;2.90;0.60;0.10;0.00;0.10;0.10;0.10;0.10;0.09;0.19;0.10;0.19;Matches
339;Nick Pope;eng ENG;GK;Newcastle Utd;31-196;1992;10;10;900;10.0;0.00;0.00;0.00;0.00;0.00;0.00;0.00;0.00;0.00;0.00;0.00;0.00;0.00;0.00;0.00;0.00;0.00;0.00;0.00;0.00;0.00;0.00;0.00;0.00;0.00;Matches
340;Pedro Porro;es ESP;DF;Tottenham;24-049;1999;9;9;806;9.0;0.00;0.11;0.11;0.00;0.00;0.00;0.11;0.00;0.10;0.10;0.16;0.24;1.33;5.44;4.56;0.00;0.11;0.11;0.00;0.11;0.10;0.15;0.25;0.10;0.25;Matches
341;Jarrell Quansah;eng ENG;DF;Liverpool;20-276;2003;3;1;116;1.3;0.00;0.00;0.00;0.00;0.00;0.00;0.00;0.00;0.00;0.00;0.00;0.00;1.54;3.85;0.00;0.00;0.00;0.00;0.00;0.00;0.00;0.00;0.00;0.00;0.00;Matches
342;Ionu? Radu;ro ROU;GK;Bournemouth;26-157;1997;1;1;90;1.0;0.00;0.00;0.00;0.00;0.00;0.00;0.00;0.00;0.00;0.00;0.00;0.00;0.00;0.00;0.00;0.00;0.00;0.00;0.00;0.00;0.00;0.00;0.00;0.00;0.00;Matches
343;Jesuran Rak Sakyi;eng ENG;MF,FW;Crystal Palace;21-027;2002;6;0;136;1.5;0.00;0.00;0.00;0.00;0.00;0.00;0.00;0.00;0.27;0.27;0.13;0.40;4.67;1.33;12.0;0.00;0.00;0.00;0.00;0.00;0.28;0.10;0.38;0.28;0.38;Matches
344;Aaron Ramsdale;eng ENG;GK;Arsenal;25-171;1998;4;4;360;4.0;0.00;0.00;0.00;0.00;0.00;0.00;0.00;0.00;0.00;0.00;0.00;0.00;0.00;0.50;0.00;0.00;0.00;0.00;0.00;0.00;0.00;0.00;0.00;0.00;0.00;Matches
345;Aaron Ramsey;eng ENG;FW,MF;Burnley;20-284;2003;5;2;207;2.3;0.00;0.00;0.00;0.00;0.00;0.00;0.00;0.00;0.04;0.04;0.17;0.22;2.61;1.74;2.17;0.00;0.00;0.00;0.00;0.00;0.02;0.17;0.20;0.02;0.20;Matches
346;Jacob Ramsey;eng ENG;FW,MF;Aston Villa;22-157;2001;2;0;50;0.6;1.67;0.00;1.67;1.67;0.00;0.00;0.00;0.00;0.33;0.33;0.00;0.33;6.67;3.33;0.00;1.80;0.00;1.80;1.80;1.80;0.34;0.00;0.34;0.34;0.34;Matches
347;Marcus Rashford;eng ENG;FW;Manchester Utd;26-001;1997;10;10;841;9.3;0.11;0.11;0.22;0.11;0.00;0.00;0.11;0.00;0.39;0.39;0.14;0.53;4.52;2.47;9.35;0.11;0.11;0.21;0.11;0.21;0.38;0.14;0.52;0.38;0.52;Matches
348;David Raya;es ESP;GK;Arsenal;28-047;1995;6;6;540;6.0;0.00;0.00;0.00;0.00;0.00;0.00;0.00;0.00;0.00;0.00;0.00;0.00;0.00;0.00;0.00;0.00;0.00;0.00;0.00;0.00;0.00;0.00;0.00;0.00;0.00;Matches
349;Tim Ream;us USA;DF;Fulham;36-027;1987;9;9;783;8.7;0.11;0.00;0.11;0.11;0.00;0.00;0.34;0.11;0.11;0.11;0.00;0.11;1.15;4.83;0.23;0.11;0.00;0.11;0.11;0.11;0.11;0.00;0.11;0.11;0.11;Matches
350;Nathan Redmond;eng ENG;MF,FW;Burnley;29-240;1994;5;0;80;0.9;0.00;0.00;0.00;0.00;0.00;0.00;0.00;0.00;0.00;0.00;0.22;0.22;2.22;0.00;11.1;0.00;0.00;0.00;0.00;0.00;0.00;0.26;0.26;0.00;0.26;Matches
351;Harrison Reed;eng ENG;MF;Fulham;28-278;1995;10;7;570;6.3;0.00;0.16;0.16;0.00;0.00;0.00;0.16;0.00;0.00;0.00;0.11;0.11;0.48;2.70;3.81;0.00;0.16;0.16;0.00;0.16;0.00;0.10;0.11;0.00;0.11;Matches
352;Sergio Reguilón;es ESP;DF;Manchester Utd;26-320;1996;3;2;180;2.0;0.00;0.00;0.00;0.00;0.00;0.00;0.50;0.00;0.00;0.00;0.10;0.10;1.00;2.50;3.50;0.00;0.00;0.00;0.00;0.00;0.00;0.09;0.09;0.00;0.09;Matches
353;Bobby Reid;jm JAM;FW;Fulham;30-272;1993;9;7;554;6.2;0.32;0.00;0.32;0.32;0.00;0.00;0.16;0.00;0.42;0.42;0.02;0.44;2.58;2.42;4.68;0.32;0.00;0.32;0.32;0.32;0.42;0.02;0.45;0.42;0.45;Matches
354;Declan Rice;eng ENG;MF;Arsenal;24-291;1999;10;10;842;9.4;0.21;0.11;0.32;0.21;0.00;0.00;0.00;0.00;0.09;0.09;0.17;0.26;1.38;6.38;1.60;0.21;0.11;0.32;0.21;0.32;0.08;0.17;0.26;0.08;0.26;Matches
355;Chris Richards;us USA;DF,MF;Crystal Palace;23-218;2000;3;1;109;1.2;0.00;0.00;0.00;0.00;0.00;0.00;0.00;0.00;0.00;0.00;0.00;0.00;0.00;0.00;0.00;0.00;0.00;0.00;0.00;0.00;0.00;0.00;0.00;0.00;0.00;Matches
356;Richarlison;br BRA;FW;Tottenham;26-175;1997;10;7;538;6.0;0.17;0.50;0.67;0.17;0.00;0.00;0.33;0.00;0.45;0.45;0.18;0.63;1.67;3.00;9.33;0.17;0.50;0.67;0.17;0.67;0.46;0.18;0.64;0.46;0.64;Matches
357;Jaïro Riedewald;nl NED;MF,FW;Crystal Palace;27-053;1996;2;1;87;1.0;0.00;0.00;0.00;0.00;0.00;0.00;0.00;0.00;0.00;0.00;0.00;0.00;1.00;3.00;0.00;0.00;0.00;0.00;0.00;0.00;0.00;0.00;0.00;0.00;0.00;Matches
358;Connor Roberts;wls WAL;DF;Burnley;28-039;1995;9;8;734;8.2;0.00;0.12;0.12;0.00;0.00;0.00;0.49;0.12;0.00;0.00;0.02;0.02;0.73;4.51;1.22;0.00;0.12;0.12;0.00;0.12;0.00;0.02;0.02;0.00;0.02;Matches
359;Andrew Robertson;sct SCO;DF;Liverpool;29-235;1994;8;8;720;8.0;0.13;0.00;0.13;0.13;0.00;0.00;0.13;0.00;0.06;0.06;0.13;0.19;2.38;6.13;3.75;0.12;0.00;0.12;0.12;0.12;0.06;0.13;0.19;0.06;0.19;Matches
360;Antonee Robinson;us USA;DF;Fulham;26-085;1997;9;9;810;9.0;0.00;0.00;0.00;0.00;0.00;0.00;0.22;0.00;0.01;0.01;0.08;0.09;2.67;3.44;3.78;0.00;0.00;0.00;0.00;0.00;0.01;0.08;0.09;0.01;0.09;Matches
361;Jack Robinson;eng ENG;DF;Sheffield Utd;30-061;1993;10;9;855;9.5;0.00;0.11;0.11;0.00;0.00;0.00;0.21;0.00;0.05;0.05;0.02;0.07;0.11;1.58;0.42;0.00;0.11;0.11;0.00;0.11;0.05;0.02;0.08;0.05;0.08;Matches
362;Rodri;es ESP;MF;Manchester City;27-132;1996;8;8;660;7.3;0.27;0.14;0.41;0.27;0.00;0.00;0.41;0.14;0.15;0.15;0.12;0.27;2.05;10.1;2.05;0.27;0.14;0.41;0.27;0.41;0.15;0.12;0.27;0.15;0.27;Matches
363;Jay Rodriguez;eng ENG;FW;Burnley;34-095;1989;5;0;117;1.3;0.00;0.00;0.00;0.00;0.00;0.00;0.00;0.00;0.46;0.46;0.00;0.46;0.00;0.77;4.62;0.00;0.00;0.00;0.00;0.00;0.44;0.00;0.44;0.44;0.44;Matches
364;Mads Roerslev;dk DEN;DF;Brentford;24-130;1999;8;3;338;3.8;0.00;0.00;0.00;0.00;0.00;0.00;0.00;0.00;0.00;0.00;0.05;0.08;2.37;3.16;5.26;0.00;0.00;0.00;0.00;0.00;0.01;0.06;0.07;0.01;0.07;Matches
365;Cristian Romero;ar ARG;DF;Tottenham;25-188;1998;10;10;823;9.1;0.22;0.00;0.22;0.22;0.00;0.00;0.22;0.00;0.10;0.10;0.02;0.12;1.21;6.37;0.33;0.22;0.00;0.22;0.22;0.22;0.10;0.02;0.12;0.10;0.12;Matches
366;Joe Rothwell;eng ENG;MF;Bournemouth;28-294;1995;7;3;314;3.5;0.00;0.00;0.00;0.00;0.00;0.00;0.00;0.00;0.03;0.03;0.03;0.06;1.43;4.00;0.86;0.00;0.00;0.00;0.00;0.00;0.02;0.02;0.05;0.02;0.05;Matches
367;Pelly Ruddock Mpanzu;cd COD;MF;Luton Town;30-107;1993;10;5;504;5.6;0.00;0.00;0.00;0.00;0.00;0.00;0.00;0.00;0.09;0.09;0.07;0.14;1.07;4.11;1.43;0.00;0.00;0.00;0.00;0.00;0.08;0.07;0.15;0.08;0.15;Matches
368;José Sá;pt POR;GK;Wolves;30-288;1993;10;10;900;10.0;0.00;0.00;0.00;0.00;0.00;0.00;0.10;0.00;0.00;0.00;0.00;0.00;0.00;0.00;0.00;0.00;0.00;0.00;0.00;0.00;0.00;0.00;0.00;0.00;0.00;Matches
369;Bukayo Saka;eng ENG;FW;Arsenal;22-057;2001;9;9;774;8.6;0.47;0.35;0.81;0.23;0.23;0.23;0.12;0.00;0.48;0.29;0.24;0.53;5.35;3.60;13.5;0.47;0.35;0.81;0.23;0.58;0.47;0.25;0.72;0.29;0.54;Matches
370;Mohamed Salah;eg EGY;FW;Liverpool;31-139;1992;10;10;863;9.6;0.83;0.42;1.25;0.52;0.31;0.42;0.10;0.00;0.77;0.43;0.48;0.91;3.54;4.69;9.58;0.83;0.42;1.25;0.52;0.94;0.77;0.48;1.25;0.43;0.90;Matches
371;William Saliba;fr FRA;DF;Arsenal;22-222;2001;10;10;900;10.0;0.00;0.10;0.10;0.00;0.00;0.00;0.00;0.00;0.00;0.00;0.01;0.01;0.20;4.80;0.10;0.00;0.10;0.10;0.00;0.10;0.00;0.01;0.01;0.00;0.01;Matches
372;Albert Sambi Lokonga;be BEL;MF;Luton Town;24-010;1999;2;2;129;1.4;0.00;0.00;0.00;0.00;0.00;0.00;0.00;0.00;0.07;0.07;0.07;0.07;0.00;2.86;1.43;0.00;0.00;0.00;0.00;0.00;0.04;0.04;0.08;0.04;0.08;Matches
373;Davinson Sánchez;co COL;DF;Tottenham;27-142;1996;1;0;77;0.9;0.00;0.00;0.00;0.00;0.00;0.00;1.11;0.00;0.11;0.11;0.00;0.11;0.00;2.22;0.00;0.00;0.00;0.00;0.00;0.00;0.14;0.00;0.14;0.14;0.14;Matches
374;Robert Sánchez;es ESP;GK;Chelsea;25-348;1997;10;10;900;10.0;0.00;0.00;0.00;0.00;0.00;0.00;0.10;0.00;0.00;0.00;0.00;0.00;0.00;0.10;0.00;0.00;0.00;0.00;0.00;0.00;0.00;0.00;0.00;0.00;0.00;Matches
375;Jadon Sancho;eng ENG;FW,MF;Manchester Utd;23-221;2000;3;0;79;0.9;0.00;0.00;0.00;0.00;0.00;0.00;0.00;0.00;0.00;0.00;0.11;0.11;11.1;4.44;5.56;0.00;0.00;0.00;0.00;0.00;0.00;0.06;0.06;0.00;0.06;Matches
376;Ibrahim Sangaré;ci CIV;MF;Nott'ham Forest;25-334;1997;6;6;463;5.1;0.00;0.00;0.00;0.00;0.00;0.00;0.78;0.00;0.12;0.12;0.02;0.14;0.59;3.33;0.59;0.00;0.00;0.00;0.00;0.00;0.12;0.02;0.13;0.12;0.13;Matches
377;Andrey Santos;br BRA;MF;Nott'ham Forest;19-182;2004;1;0;8;0.1;0.00;0.00;0.00;0.00;0.00;0.00;0.00;0.00;1.00;1.00;0.00;1.00;0.00;0.00;0.00;0.00;0.00;0.00;0.00;0.00;0.64;0.00;0.64;0.64;0.64;Matches
378;Pablo Sarabia;es ESP;FW,MF;Wolves;31-174;1992;5;2;189;2.1;0.00;0.48;0.48;0.00;0.00;0.00;0.48;0.00;0.19;0.19;0.71;0.90;1.90;4.29;9.05;0.00;0.48;0.48;0.00;0.48;0.19;0.73;0.92;0.19;0.92;Matches
379;Kevin Schade;de GER;FW,MF;Brentford;21-339;2001;5;3;257;2.9;0.34;0.00;0.34;0.34;0.00;0.00;0.00;0.00;0.24;0.24;0.14;0.38;1.03;3.10;6.21;0.35;0.00;0.35;0.35;0.35;0.25;0.15;0.40;0.25;0.40;Matches
380;Fabian Schär;ch SUI;DF;Newcastle Utd;31-316;1991;10;10;900;10.0;0.00;0.00;0.00;0.00;0.00;0.00;0.10;0.00;0.06;0.06;0.00;0.06;0.30;3.20;0.30;0.00;0.00;0.00;0.00;0.00;0.06;0.00;0.06;0.06;0.06;Matches
381;Jeffrey Schlupp;gh GHA;FW,MF;Crystal Palace;30-313;1992;9;9;623;6.9;0.00;0.00;0.00;0.00;0.00;0.00;0.00;0.00;0.06;0.06;0.10;0.16;1.01;2.17;2.90;0.00;0.00;0.00;0.00;0.00;0.06;0.10;0.16;0.06;0.16;Matches
382;Alex Scott;eng ENG;MF;Bournemouth;20-072;2003;2;2;146;1.6;0.00;0.00;0.00;0.00;0.00;0.00;0.63;0.00;0.00;0.00;0.06;0.06;2.50;2.50;1.25;0.00;0.00;0.00;0.00;0.00;0.02;0.05;0.07;0.02;0.07;Matches
383;Nélson Semedo;pt POR;DF,MF;Wolves;29-350;1993;9;9;803;8.9;0.00;0.00;0.00;0.00;0.00;0.00;0.45;0.00;0.07;0.07;0.01;0.08;2.13;3.71;4.04;0.00;0.00;0.00;0.00;0.00;0.07;0.01;0.08;0.07;0.08;Matches
384;Antoine Semenyo;gh GHA;FW;Bournemouth;23-298;2000;7;4;325;3.6;0.56;0.00;0.56;0.56;0.00;0.00;0.28;0.00;0.22;0.22;0.17;0.42;3.89;2.50;6.39;0.55;0.00;0.55;0.55;0.55;0.23;0.18;0.41;0.23;0.41;Matches
385;Marcos Senesi;ar ARG;DF;Bournemouth;26-175;1997;8;5;443;4.9;0.00;0.20;0.20;0.00;0.00;0.00;0.20;0.00;0.00;0.00;0.04;0.04;1.84;4.69;0.00;0.00;0.20;0.20;0.00;0.20;0.00;0.04;0.04;0.00;0.04;Matches
386;Luke Shaw;eng ENG;DF;Manchester Utd;28-112;1995;2;2;180;2.0;0.00;0.00;0.00;0.00;0.00;0.00;0.50;0.00;0.00;0.00;0.35;0.35;0.50;5.50;4.00;0.00;0.00;0.00;0.00;0.00;0.00;0.36;0.36;0.00;0.36;Matches
387;Bernardo Silva;pt POR;MF,FW;Manchester City;29-083;1994;7;6;554;6.2;0.16;0.32;0.48;0.16;0.00;0.00;0.32;0.00;0.06;0.06;0.32;0.39;4.52;5.97;7.26;0.16;0.32;0.49;0.16;0.49;0.07;0.33;0.40;0.07;0.40;Matches
388;Fábio Silva;pt POR;FW;Wolves;21-105;2002;7;3;254;2.8;0.00;0.00;0.00;0.00;0.00;0.00;0.36;0.00;0.36;0.36;0.07;0.43;1.79;3.57;4.29;0.00;0.00;0.00;0.00;0.00;0.37;0.07;0.44;0.37;0.44;Matches
389;Thiago Silva;br BRA;DF;Chelsea;39-040;1984;10;10;900;10.0;0.00;0.00;0.00;0.00;0.00;0.00;0.20;0.00;0.02;0.02;0.03;0.04;0.10;3.90;0.20;0.00;0.00;0.00;0.00;0.00;0.02;0.03;0.04;0.02;0.04;Matches
390;Luis Sinisterra;co COL;FW,MF;Bournemouth;24-137;1999;3;0;84;0.9;0.00;0.00;0.00;0.00;0.00;0.00;0.00;0.00;0.00;0.00;0.33;0.33;4.44;5.56;8.89;0.00;0.00;0.00;0.00;0.00;0.00;0.27;0.27;0.00;0.27;Matches
391;Oliver Skipp;eng ENG;MF;Tottenham;23-046;2000;6;1;149;1.7;0.00;0.00;0.00;0.00;0.00;0.00;0.59;0.00;0.00;0.00;0.00;0.00;0.00;4.12;4.12;0.00;0.00;0.00;0.00;0.00;0.00;0.00;0.00;0.00;0.00;Matches
392;Adam Smith;eng ENG;DF;Bournemouth;32-186;1991;3;1;99;1.1;0.00;0.00;0.00;0.00;0.00;0.00;0.00;0.00;0.00;0.00;0.00;0.00;0.91;9.09;1.82;0.00;0.00;0.00;0.00;0.00;0.00;0.04;0.04;0.00;0.04;Matches
393;Emile Smith Rowe;eng ENG;MF;Arsenal;23-096;2000;4;1;107;1.2;0.00;0.83;0.83;0.00;0.00;0.00;0.00;0.00;0.67;0.67;0.08;0.75;0.83;4.17;4.17;0.00;0.84;0.84;0.00;0.84;0.71;0.05;0.76;0.71;0.76;Matches
394;Dominic Solanke;eng ENG;FW;Bournemouth;26-048;1997;10;10;894;9.9;0.40;0.10;0.51;0.40;0.00;0.00;0.10;0.00;0.37;0.37;0.05;0.42;1.52;1.62;4.75;0.40;0.10;0.50;0.40;0.50;0.37;0.05;0.42;0.37;0.42;Matches
395;Manor Solomon;il ISR;FW;Tottenham;24-100;1999;5;2;199;2.2;0.00;0.91;0.91;0.00;0.00;0.00;0.45;0.00;0.18;0.18;0.36;0.55;7.73;5.00;20.0;0.00;0.90;0.90;0.00;0.90;0.19;0.38;0.56;0.19;0.56;Matches
396;Tomáš Sou?ek;cz CZE;MF;West Ham;28-247;1995;9;8;626;7.0;0.29;0.14;0.43;0.29;0.00;0.00;0.14;0.00;0.37;0.37;0.09;0.46;0.43;2.57;0.86;0.29;0.14;0.43;0.29;0.43;0.37;0.09;0.46;0.37;0.46;Matches
397;Vinicius Souza;br BRA;MF;Sheffield Utd;24-137;1999;10;9;788;8.8;0.00;0.00;0.00;0.00;0.00;0.00;0.23;0.00;0.02;0.02;0.00;0.02;0.45;2.95;1.02;0.00;0.00;0.00;0.00;0.00;0.02;0.00;0.02;0.02;0.02;Matches
398;Jason Steele;eng ENG;GK;Brighton;33-075;1990;6;6;540;6.0;0.00;0.00;0.00;0.00;0.00;0.00;0.00;0.00;0.00;0.00;0.00;0.00;0.00;0.00;0.00;0.00;0.00;0.00;0.00;0.00;0.00;0.00;0.00;0.00;0.00;Matches
399;Raheem Sterling;eng ENG;FW,MF;Chelsea;28-328;1994;10;9;810;9.0;0.33;0.00;0.33;0.33;0.00;0.00;0.22;0.00;0.28;0.28;0.14;0.42;6.56;3.11;12.9;0.33;0.00;0.33;0.33;0.33;0.28;0.14;0.42;0.28;0.42;Matches
400;John Stones;eng ENG;MF,DF;Manchester City;29-157;1994;3;2;187;2.1;0.00;0.00;0.00;0.00;0.00;0.00;0.00;0.00;0.00;0.00;0.05;0.05;0.95;1.90;2.38;0.00;0.00;0.00;0.00;0.00;0.00;0.07;0.07;0.00;0.07;Matches
401;Thomas Strakosha;al ALB;GK;Brentford;28-227;1995;1;1;90;1.0;0.00;0.00;0.00;0.00;0.00;0.00;0.00;0.00;0.00;0.00;0.00;0.00;0.00;0.00;0.00;0.00;0.00;0.00;0.00;0.00;0.00;0.00;0.00;0.00;0.00;Matches
402;Dominik Szoboszlai;hu HUN;MF;Liverpool;23-007;2000;10;10;900;10.0;0.10;0.20;0.30;0.10;0.00;0.00;0.10;0.00;0.08;0.08;0.35;0.43;2.70;7.40;6.30;0.10;0.20;0.30;0.10;0.30;0.08;0.35;0.43;0.08;0.43;Matches
403;Matt Targett;eng ENG;DF;Newcastle Utd;28-044;1995;3;1;78;0.9;0.00;0.00;0.00;0.00;0.00;0.00;1.11;0.00;0.00;0.00;0.00;0.00;1.11;2.22;0.00;0.00;0.00;0.00;0.00;0.00;0.00;0.03;0.03;0.00;0.03;Matches
404;James Tarkowski;eng ENG;DF;Everton;30-347;1992;10;10;899;10.0;0.10;0.10;0.20;0.10;0.00;0.00;0.10;0.00;0.08;0.08;0.04;0.12;0.10;3.30;0.50;0.10;0.10;0.20;0.10;0.20;0.08;0.04;0.12;0.08;0.12;Matches
405;Nuno Tavares;pt POR;DF;Nott'ham Forest;23-279;2000;3;1;95;1.1;0.00;0.00;0.00;0.00;0.00;0.00;1.82;0.00;0.00;0.00;0.00;0.00;2.73;0.91;0.91;0.00;0.00;0.00;0.00;0.00;0.00;0.00;0.00;0.00;0.00;Matches
406;Marcus Tavernier;eng ENG;FW;Bournemouth;24-224;1999;7;6;457;5.1;0.00;0.20;0.20;0.00;0.00;0.00;0.00;0.00;0.12;0.12;0.24;0.35;2.94;1.76;4.90;0.00;0.20;0.20;0.00;0.20;0.11;0.23;0.34;0.11;0.34;Matches
407;Charlie Taylor;eng ENG;DF;Burnley;30-044;1993;7;7;630;7.0;0.14;0.00;0.14;0.14;0.00;0.00;0.43;0.00;0.01;0.01;0.00;0.01;0.86;3.00;1.86;0.14;0.00;0.14;0.14;0.14;0.01;0.00;0.02;0.01;0.02;Matches
408;Kenny Tete;nl NED;DF;Fulham;28-023;1995;5;5;427;4.7;0.00;0.00;0.00;0.00;0.00;0.00;0.43;0.00;0.04;0.04;0.02;0.06;2.34;5.11;5.74;0.00;0.00;0.00;0.00;0.00;0.04;0.01;0.05;0.04;0.05;Matches
409;Luke Thomas;eng ENG;DF;Sheffield Utd;22-144;2001;7;6;538;6.0;0.00;0.00;0.00;0.00;0.00;0.00;0.17;0.00;0.08;0.08;0.00;0.08;1.00;3.50;2.33;0.00;0.00;0.00;0.00;0.00;0.08;0.00;0.09;0.08;0.09;Matches
410;Youri Tielemans;be BEL;MF,FW;Aston Villa;26-178;1997;10;0;168;1.9;0.00;0.53;0.53;0.00;0.00;0.00;0.00;0.00;0.05;0.05;0.16;0.21;2.63;9.47;3.16;0.00;0.54;0.54;0.00;0.54;0.04;0.18;0.22;0.04;0.22;Matches
411;Jurriën Timber;nl NED;DF;Arsenal;22-137;2001;1;1;49;0.5;0.00;0.00;0.00;0.00;0.00;0.00;2.00;0.00;0.00;0.00;0.00;0.00;0.00;14.0;6.00;0.00;0.00;0.00;0.00;0.00;0.00;0.00;0.00;0.00;0.00;Matches
412;Harry Toffolo;eng ENG;DF;Nott'ham Forest;28-074;1995;4;2;233;2.6;0.00;0.38;0.38;0.00;0.00;0.00;0.00;0.00;0.15;0.15;0.08;0.19;0.38;3.46;5.00;0.00;0.39;0.39;0.00;0.39;0.14;0.07;0.20;0.14;0.20;Matches
413;Takehiro Tomiyasu;jp JPN;DF;Arsenal;24-361;1998;8;1;241;2.7;0.37;0.00;0.37;0.37;0.00;0.00;0.74;0.37;0.15;0.15;0.00;0.15;0.37;5.56;2.59;0.37;0.00;0.37;0.37;0.37;0.14;0.00;0.14;0.14;0.14;Matches
414;James Tomkins;eng ENG;DF;Crystal Palace;34-217;1989;1;0;1;0.0;0;0;0;0;0;0;0;0;0.0;0.0;0.0;0.0;0;0;0;0.00;0.00;0.00;0.00;0.00;0.00;0.00;0.00;0.00;0.00;Matches
415;Sandro Tonali;it ITA;MF;Newcastle Utd;23-177;2000;8;5;438;4.9;0.20;0.00;0.20;0.20;0.00;0.00;0.41;0.00;0.14;0.14;0.12;0.27;2.24;3.88;4.29;0.21;0.00;0.21;0.21;0.21;0.13;0.13;0.26;0.13;0.26;Matches
416;Pau Torres;es ESP;DF;Aston Villa;26-289;1997;10;9;870;9.7;0.10;0.00;0.10;0.10;0.00;0.00;0.00;0.00;0.05;0.05;0.01;0.05;1.24;5.05;0.62;0.10;0.00;0.10;0.10;0.10;0.05;0.01;0.05;0.05;0.05;Matches
417;Andros Townsend;eng ENG;MF;Luton Town;32-108;1991;2;0;53;0.6;0.00;0.00;0.00;0.00;0.00;0.00;0.00;0.00;0.00;0.00;0.17;0.17;3.33;1.67;5.00;0.00;0.00;0.00;0.00;0.00;0.00;0.18;0.18;0.00;0.18;Matches
418;James Trafford;eng ENG;GK;Burnley;21-022;2002;10;10;900;10.0;0.00;0.00;0.00;0.00;0.00;0.00;0.10;0.00;0.00;0.00;0.00;0.00;0.00;0.30;0.00;0.00;0.00;0.00;0.00;0.00;0.00;0.00;0.00;0.00;0.00;Matches
419;Adama Traoré;es ESP;FW,DF;Fulham;27-280;1996;3;0;35;0.4;0.00;0.00;0.00;0.00;0.00;0.00;0.00;0.00;0.50;0.50;0.00;0.50;2.50;0.00;5.00;0.00;0.00;0.00;0.00;0.00;0.53;0.00;0.53;0.53;0.53;Matches
420;Bertrand Traoré;bf BFA;DF,FW;Aston Villa;28-056;1995;2;0;11;0.1;0.00;0.00;0.00;0.00;0.00;0.00;0.00;0.00;0.00;0.00;0.00;0.00;0.00;0.00;0.00;0.00;0.00;0.00;0.00;0.00;0.00;0.00;0.00;0.00;0.00;Matches
421;Boubacar Traoré;ml MLI;MF,FW;Wolves;22-073;2001;7;2;239;2.7;0.00;0.00;0.00;0.00;0.00;0.00;0.37;0.00;0.00;0.00;0.00;0.04;1.11;2.59;1.85;0.00;0.00;0.00;0.00;0.00;0.02;0.01;0.03;0.02;0.03;Matches
422;Mike Trésor;be BEL;FW;Burnley;24-157;1999;5;2;221;2.5;0.00;0.00;0.00;0.00;0.00;0.00;0.00;0.00;0.16;0.16;0.12;0.28;3.20;2.00;5.60;0.00;0.00;0.00;0.00;0.00;0.16;0.11;0.27;0.16;0.27;Matches
423;Kieran Trippier;eng ENG;DF;Newcastle Utd;33-043;1990;10;10;857;9.5;0.00;0.63;0.63;0.00;0.00;0.00;0.32;0.00;0.01;0.01;0.41;0.41;1.79;7.47;5.58;0.00;0.63;0.63;0.00;0.63;0.01;0.40;0.41;0.01;0.41;Matches
424;Leandro Trossard;be BEL;FW;Arsenal;28-332;1994;6;2;212;2.4;0.83;0.00;0.83;0.83;0.00;0.00;0.00;0.00;0.13;0.13;0.38;0.50;3.33;5.00;7.08;0.85;0.00;0.85;0.85;0.85;0.13;0.37;0.50;0.13;0.50;Matches
425;Auston Trusty;us USA;DF;Sheffield Utd;25-081;1998;5;3;287;3.2;0.00;0.00;0.00;0.00;0.00;0.00;0.31;0.00;0.00;0.00;0.00;0.00;0.00;0.31;0.31;0.00;0.00;0.00;0.00;0.00;0.00;0.01;0.01;0.00;0.01;Matches
426;Kostas Tsimikas;gr GRE;DF;Liverpool;27-173;1996;3;2;156;1.7;0.00;0.00;0.00;0.00;0.00;0.00;0.00;0.00;0.00;0.00;0.12;0.12;3.53;5.88;15.3;0.00;0.00;0.00;0.00;0.00;0.00;0.14;0.14;0.00;0.14;Matches
427;Matt Turner;us USA;GK;Nott'ham Forest;29-130;1994;10;10;900;10.0;0.00;0.00;0.00;0.00;0.00;0.00;0.10;0.00;0.00;0.00;0.00;0.00;0.00;0.00;0.00;0.00;0.00;0.00;0.00;0.00;0.00;0.00;0.00;0.00;0.00;Matches
428;Destiny Udogie;it ITA;DF;Tottenham;20-338;2002;9;9;728;8.1;0.00;0.25;0.25;0.00;0.00;0.00;0.37;0.00;0.02;0.02;0.09;0.11;3.21;5.43;6.05;0.00;0.25;0.25;0.00;0.25;0.02;0.09;0.11;0.02;0.11;Matches
429;Lesley Ugochukwu;fr FRA;MF;Chelsea;19-220;2004;6;1;145;1.6;0.00;0.00;0.00;0.00;0.00;0.00;0.00;0.00;0.00;0.00;0.00;0.00;3.13;8.13;0.00;0.00;0.00;0.00;0.00;0.00;0.00;0.03;0.03;0.00;0.03;Matches
430;Virgil van Dijk;nl NED;DF;Liverpool;32-116;1991;8;8;657;7.3;0.00;0.27;0.27;0.00;0.00;0.00;0.14;0.14;0.08;0.08;0.14;0.21;0.41;4.79;0.14;0.00;0.27;0.27;0.00;0.27;0.08;0.13;0.21;0.08;0.21;Matches
431;Raphaël Varane;fr FRA;DF;Manchester Utd;30-190;1993;6;4;330;3.7;0.27;0.00;0.27;0.27;0.00;0.00;0.00;0.00;0.30;0.30;0.03;0.32;1.62;7.03;0.27;0.27;0.00;0.27;0.27;0.27;0.31;0.02;0.32;0.31;0.32;Matches
432;Alejo Véliz;ar ARG;FW,MF;Tottenham;20-043;2003;3;0;11;0.1;0.00;0.00;0.00;0.00;0.00;0.00;10.0;0.00;0.00;0.00;0.00;0.00;0.00;0.00;0.00;0.00;0.00;0.00;0.00;0.00;0.00;0.00;0.00;0.00;0.00;Matches
433;Joël Veltman;nl NED;DF;Brighton;31-290;1992;10;5;580;6.4;0.00;0.16;0.16;0.00;0.00;0.00;0.16;0.00;0.02;0.02;0.06;0.08;0.94;3.28;1.88;0.00;0.16;0.16;0.00;0.16;0.01;0.06;0.07;0.01;0.07;Matches
434;Micky van de Ven;nl NED;DF;Tottenham;22-196;2001;10;10;899;10.0;0.10;0.00;0.10;0.10;0.00;0.00;0.10;0.00;0.03;0.03;0.00;0.03;0.90;3.40;0.10;0.10;0.00;0.10;0.10;0.10;0.03;0.00;0.03;0.03;0.03;Matches
435;Bart Verbruggen;nl NED;GK;Brighton;21-075;2002;4;4;360;4.0;0.00;0.00;0.00;0.00;0.00;0.00;0.00;0.00;0.00;0.00;0.00;0.00;0.00;0.00;0.00;0.00;0.00;0.00;0.00;0.00;0.00;0.00;0.00;0.00;0.00;Matches
436;Guglielmo Vicario;it ITA;GK;Tottenham;27-025;1996;10;10;900;10.0;0.00;0.00;0.00;0.00;0.00;0.00;0.20;0.00;0.00;0.00;0.00;0.00;0.00;0.00;0.00;0.00;0.00;0.00;0.00;0.00;0.00;0.00;0.00;0.00;0.00;Matches
437;Fabio Vieira;pt POR;MF;Arsenal;23-155;2000;6;2;205;2.3;0.43;0.87;1.30;0.00;0.43;0.43;0.00;0.00;0.52;0.17;0.48;0.65;3.91;4.78;9.57;0.44;0.88;1.32;0.00;0.88;0.53;0.47;0.99;0.18;0.65;Matches
438;Carlos Vinícius;br BRA;FW;Fulham;28-221;1995;5;2;201;2.2;0.45;0.00;0.45;0.45;0.00;0.00;0.00;0.00;0.32;0.32;0.23;0.55;0.91;0.91;3.64;0.45;0.00;0.45;0.45;0.45;0.30;0.25;0.54;0.30;0.54;Matches
439;Vitinho;br BRA;DF;Burnley;24-101;1999;4;3;243;2.7;0.00;0.00;0.00;0.00;0.00;0.00;0.00;0.00;0.00;0.00;0.04;0.04;3.33;4.07;1.48;0.00;0.00;0.00;0.00;0.00;0.01;0.05;0.05;0.01;0.05;Matches
440;Kyle Walker;eng ENG;DF;Manchester City;33-157;1990;10;10;899;10.0;0.00;0.10;0.10;0.00;0.00;0.00;0.10;0.00;0.01;0.01;0.12;0.13;2.80;5.60;6.60;0.00;0.10;0.10;0.00;0.10;0.01;0.12;0.13;0.01;0.13;Matches
441;Aaron Wan-Bissaka;eng ENG;DF;Manchester Utd;25-340;1997;5;4;341;3.8;0.00;0.26;0.26;0.00;0.00;0.00;0.53;0.00;0.00;0.00;0.29;0.29;2.89;4.21;2.63;0.00;0.26;0.26;0.00;0.26;0.00;0.30;0.30;0.00;0.30;Matches
442;Joel Ward;eng ENG;DF;Crystal Palace;34-003;1989;9;9;802;8.9;0.00;0.00;0.00;0.00;0.00;0.00;0.34;0.00;0.07;0.07;0.00;0.07;0.79;3.37;0.90;0.00;0.00;0.00;0.00;0.00;0.07;0.00;0.07;0.07;0.07;Matches
443;James Ward-Prowse;eng ENG;MF;West Ham;29-000;1994;9;9;782;8.7;0.23;0.34;0.57;0.23;0.00;0.00;0.11;0.00;0.18;0.18;0.29;0.48;0.80;3.68;2.18;0.23;0.35;0.58;0.23;0.58;0.19;0.29;0.48;0.19;0.48;Matches
444;Deivid Washington;br BRA;DF;Chelsea;18-149;2005;1;0;10;0.1;0.00;0.00;0.00;0.00;0.00;0.00;0.00;0.00;5.00;5.00;0.00;5.00;0.00;0.00;10.0;0.00;0.00;0.00;0.00;0.00;4.19;0.00;4.19;4.19;4.19;Matches
445;Ollie Watkins;eng ENG;FW;Aston Villa;27-306;1995;10;10;858;9.5;0.53;0.53;1.05;0.53;0.00;0.00;0.00;0.00;0.52;0.52;0.26;0.78;1.89;1.47;5.79;0.52;0.52;1.05;0.52;1.05;0.51;0.27;0.77;0.51;0.77;Matches
446;Adam Webster;eng ENG;DF;Brighton;28-301;1995;5;5;450;5.0;0.00;0.00;0.00;0.00;0.00;0.00;0.20;0.00;0.02;0.02;0.00;0.02;1.20;5.20;0.00;0.00;0.00;0.00;0.00;0.00;0.02;0.00;0.02;0.02;0.02;Matches
447;Danny Welbeck;eng ENG;FW,MF;Brighton;32-340;1990;8;7;408;4.5;0.22;0.00;0.22;0.22;0.00;0.00;0.22;0.00;0.24;0.24;0.07;0.31;1.78;2.44;4.67;0.22;0.00;0.22;0.22;0.22;0.24;0.06;0.30;0.24;0.30;Matches
448;Ben White;eng ENG;DF;Arsenal;26-024;1997;10;10;875;9.7;0.10;0.00;0.10;0.10;0.00;0.00;0.21;0.00;0.05;0.05;0.09;0.13;1.55;5.36;4.54;0.10;0.00;0.10;0.10;0.10;0.05;0.09;0.14;0.05;0.14;Matches
449;Neco Williams;wls WAL;MF,DF;Nott'ham Forest;22-202;2001;4;1;120;1.3;0.00;0.00;0.00;0.00;0.00;0.00;0.00;0.00;0.00;0.00;0.08;0.08;0.77;2.31;3.85;0.00;0.00;0.00;0.00;0.00;0.02;0.08;0.10;0.02;0.10;Matches
450;Willian;br BRA;FW;Fulham;35-084;1988;9;7;620;6.9;0.14;0.00;0.14;0.14;0.00;0.00;0.14;0.00;0.14;0.14;0.09;0.22;4.20;5.51;8.12;0.15;0.00;0.15;0.15;0.15;0.14;0.08;0.22;0.14;0.22;Matches
451;Joe Willock;eng ENG;FW;Newcastle Utd;24-073;1999;1;0;19;0.2;0.00;0.00;0.00;0.00;0.00;0.00;0.00;0.00;0.00;0.00;0.00;0.00;10.0;5.00;15.0;0.00;0.00;0.00;0.00;0.00;0.00;0.00;0.00;0.00;0.00;Matches
452;Callum Wilson;eng ENG;FW;Newcastle Utd;31-247;1992;9;4;423;4.7;1.49;0.00;1.49;1.06;0.43;0.43;0.21;0.00;1.26;0.94;0.00;0.94;1.06;0.43;7.02;1.49;0.00;1.49;1.06;1.06;1.27;0.01;1.27;0.93;0.93;Matches
453;Harry Wilson;wls WAL;FW;Fulham;26-224;1997;10;6;550;6.1;0.00;0.16;0.16;0.00;0.00;0.00;0.16;0.00;0.10;0.10;0.18;0.28;1.64;3.28;8.03;0.00;0.16;0.16;0.00;0.16;0.10;0.18;0.28;0.10;0.28;Matches
454;Yoane Wissa;cd COD;FW;Brentford;27-059;1996;10;10;833;9.3;0.32;0.11;0.43;0.32;0.00;0.00;0.11;0.00;0.47;0.47;0.10;0.57;1.94;1.29;4.62;0.32;0.11;0.43;0.32;0.43;0.47;0.10;0.57;0.47;0.57;Matches
455;Chris Wood;nz NZL;FW;Nott'ham Forest;31-329;1991;9;2;238;2.6;1.15;0.00;1.15;1.15;0.00;0.00;0.00;0.00;0.81;0.81;0.08;0.88;1.15;1.15;3.85;1.13;0.00;1.13;1.13;1.13;0.79;0.07;0.86;0.79;0.86;Matches
456;Cauley Woodrow;eng ENG;FW,MF;Luton Town;28-334;1994;7;0;81;0.9;0.00;0.00;0.00;0.00;0.00;0.00;0.00;0.00;0.67;0.67;0.33;1.11;3.33;1.11;6.67;0.00;0.00;0.00;0.00;0.00;0.68;0.39;1.07;0.68;1.07;Matches
457;Joe Worrall;eng ENG;DF;Nott'ham Forest;26-295;1997;6;5;438;4.9;0.00;0.00;0.00;0.00;0.00;0.00;0.00;0.20;0.02;0.02;0.04;0.06;0.00;1.63;0.20;0.00;0.00;0.00;0.00;0.00;0.02;0.04;0.06;0.02;0.06;Matches
458;Yehor Yarmoliuk;ua UKR;MF;Brentford;19-245;2004;2;0;30;0.3;0.00;0.00;0.00;0.00;0.00;0.00;0.00;0.00;;;;;;;;0.00;0.00;0.00;0.00;0.00;;;;;;Matches
459;Ryan Yates;eng ENG;MF;Nott'ham Forest;25-345;1997;8;3;362;4.0;0.00;0.00;0.00;0.00;0.00;0.00;0.50;0.00;0.03;0.03;0.03;0.05;1.00;2.00;2.00;0.00;0.00;0.00;0.00;0.00;0.02;0.03;0.04;0.02;0.04;Matches
460;Ashley Young;eng ENG;DF;Everton;38-115;1985;9;9;739;8.2;0.00;0.00;0.00;0.00;0.00;0.00;0.61;0.12;0.01;0.01;0.06;0.07;1.83;4.15;1.22;0.00;0.00;0.00;0.00;0.00;0.02;0.06;0.07;0.02;0.07;Matches
461;Illia Zabarnyi;ua UKR;DF;Bournemouth;21-061;2002;10;10;900;10.0;0.00;0.00;0.00;0.00;0.00;0.00;0.20;0.00;0.03;0.03;0.00;0.03;0.70;2.80;0.00;0.00;0.00;0.00;0.00;0.00;0.03;0.00;0.03;0.03;0.03;Matches
462;Nicolò Zaniolo;it ITA;FW,MF;Aston Villa;24-122;1999;8;5;379;4.2;0.00;0.00;0.00;0.00;0.00;0.00;0.48;0.00;0.29;0.29;0.17;0.48;4.76;3.33;6.67;0.00;0.00;0.00;0.00;0.00;0.29;0.18;0.47;0.29;0.47;Matches
463;Anass Zaroury;ma MAR;FW;Burnley;22-359;2000;4;1;127;1.4;0.00;0.00;0.00;0.00;0.00;0.00;0.00;0.71;0.14;0.14;0.00;0.14;0.71;1.43;8.57;0.00;0.00;0.00;0.00;0.00;0.12;0.03;0.14;0.12;0.14;Matches
464;Oleksandr Zinchenko;ua UKR;DF;Arsenal;26-321;1996;9;7;558;6.2;0.00;0.00;0.00;0.00;0.00;0.00;0.16;0.00;0.05;0.05;0.08;0.13;1.94;8.55;2.58;0.00;0.00;0.00;0.00;0.00;0.05;0.08;0.13;0.05;0.13;Matches
465;Kurt Zouma;fr FRA;DF;West Ham;29-005;1994;10;10;900;10.0;0.10;0.00;0.10;0.10;0.00;0.00;0.10;0.00;0.06;0.06;0.00;0.06;0.10;1.50;0.00;0.10;0.00;0.10;0.10;0.10;0.06;0.00;0.06;0.06;0.06;Matches
466;Martin Ødegaard;no NOR;MF;Arsenal;24-319;1998;9;9;787;8.7;0.34;0.11;0.46;0.11;0.23;0.23;0.11;0.00;0.30;0.11;0.08;0.20;2.53;5.29;5.86;0.34;0.11;0.46;0.11;0.23;0.29;0.08;0.38;0.11;0.20;Match
